Date,Start,End,Gas,Slope,R2,Ta,Flux,Treatment,Plot,Measurement,Replicate,Pressure_mbar,PAR_in,PAR_out,Air_temp,Windspeed_ms
2021-08-03,11:57:17,12:00:17,CO2,0.063,0.97,10.61,0.079,BC,1,Light,1,896.65,554.417,738.839,12.4347,0.5
2021-08-03,11:57:23,12:00:23,CH4,-0.08,0.99,10.63,-0.1,BC,1,Light,1,896.65,554.417,738.839,12.4347,0.5
2021-08-03,12:00:47,12:03:59,CH4,-0.074,0.98,10.81,-0.093,BC,1,Dark,1,896.65,0.111698,760.393,13.0581,0.5
2021-08-03,12:07:19,12:10:19,CO2,0.094,0.99,10.86,0.118,BC,1,Light,2,896.65,611.579,836.021,15.4485,0.5
2021-08-03,12:07:19,12:10:19,CH4,-0.105,1,10.86,-0.132,BC,1,Light,2,896.65,611.579,836.021,15.4485,0.5
2021-08-03,12:11:41,12:14:41,CO2,0.096,0.97,10.99,0.12,BC,1,Dark,2,896.65,0.10723,816.82,13.7931,0.5
2021-08-03,12:11:45,12:14:45,CH4,-0.094,0.99,10.99,-0.118,BC,1,Dark,2,896.65,0.10723,816.82,13.7931,0.5
2021-08-03,12:16:07,12:19:07,CO2,0.078,0.97,10.9,0.098,BC,1,Light,3,896.65,604.647,813.233,15.0289,0.5
2021-08-03,12:16:47,12:19:47,CH4,-0.081,0.99,10.76,-0.102,BC,1,Light,3,896.65,604.647,813.233,15.0289,0.5
2021-08-03,12:21:12,12:24:12,CH4,-0.136,0.98,10.29,-0.171,BC,1,Dark,3,896.65,0.104996,810.472,12.4367,0.5
2021-08-03,12:21:20,12:24:20,CO2,0.132,0.97,10.28,0.166,BC,1,Dark,3,896.65,0.104996,810.472,12.4367,0.5
2021-08-03,12:28:09,12:31:09,CO2,-0.008,0.14,10.13,-0.01,HC,1,Light,1,896.65,585.572,825.817,12.1766,0.5
2021-08-03,12:29:02,12:32:02,CH4,-0.008,0.61,10.11,-0.01,HC,1,Light,1,896.65,585.572,825.817,12.1766,0.5
2021-08-03,12:32:36,12:35:36,CO2,0.1,0.96,10.13,0.126,HC,1,Dark,1,896.65,0.0938266,1031.4,10.9622,0.5
2021-08-03,12:32:36,12:35:36,CH4,-0.07,0.93,10.13,-0.088,HC,1,Dark,1,896.65,0.0938266,1031.4,10.9622,0.5
2021-08-03,12:38:22,12:41:22,CO2,-0.25,0.97,10.85,-0.314,HC,1,Light,2,896.65,731.501,1420.1,17.9539,0.5
2021-08-03,12:39:05,12:42:05,CH4,-0.061,0.99,11.35,-0.076,HC,1,Light,2,896.65,731.501,1420.1,17.9539,0.5
2021-08-03,12:44:15,12:47:15,CO2,0.253,0.93,14.71,0.313,HC,1,Dark,2,896.65,0.149676,1436.34,15.1172,0.5
2021-08-03,12:44:15,12:47:15,CH4,-0.151,0.99,14.71,-0.187,HC,1,Dark,2,896.65,0.149676,1436.34,15.1172,0.5
2021-08-03,12:49:57,12:52:57,CH4,-0.098,0.98,14.4,-0.121,HC,1,Light,3,896.65,616.112,975.946,16.9419,0.5
2021-08-03,12:50:15,12:53:15,CO2,-0.241,0.99,14.22,-0.299,HC,1,Light,3,896.65,616.112,975.946,16.9419,0.5
2021-08-03,12:55:08,12:56:08,CH4,-0.153,0.54,12.47,-0.191,HC,1,Dark,3,896.65,0.0781888,1213.79,14.1942,0.5
2021-08-03,12:55:30,12:56:30,CO2,0.136,0.27,12.47,0.17,HC,1,Dark,3,896.65,0.0781888,1213.79,14.1942,0.5
2021-08-03,13:17:33,13:20:33,CO2,-0.22,0.88,12.06,-0.275,HC,2,Light,1,896.85,607.315,832.427,13.5172,1.51
2021-08-03,13:18:11,13:21:11,CH4,-0.007,0.78,11.96,-0.009,HC,2,Light,1,896.85,607.315,832.427,13.5172,1.51
2021-08-03,13:22:46,13:25:46,CH4,-0.01,0.87,12,-0.012,HC,2,Dark,1,896.85,0.120634,819.622,13.1547,1.51
2021-08-03,13:22:50,13:25:50,CO2,0.061,0.69,12,0.076,HC,2,Dark,1,896.85,0.120634,819.622,13.1547,1.51
2021-08-03,13:29:48,13:32:48,CO2,-0.295,0.98,11.07,-0.37,HC,2,Light,2,896.85,550.362,755.21,11.872,1.51
2021-08-03,13:30:05,13:33:05,CH4,-0.016,0.96,11.04,-0.02,HC,2,Light,2,896.85,550.362,755.21,11.872,1.51
2021-08-03,13:34:50,13:37:50,CH4,-0.008,0.69,10.84,-0.01,HC,2,Dark,2,896.85,0.0759548,806.097,12.1678,1.51
2021-08-03,13:35:24,13:38:24,CO2,0.099,0.64,10.96,0.124,HC,2,Dark,2,896.85,0.0759548,806.097,12.1678,1.51
2021-08-03,13:39:45,13:42:45,CO2,-0.221,0.98,11.46,-0.277,HC,2,Light,3,896.85,583.713,853.732,15.3525,1.51
2021-08-03,13:39:53,13:42:53,CH4,-0.012,0.87,11.49,-0.015,HC,2,Light,3,896.85,583.713,853.732,15.3525,1.51
2021-08-03,13:45:02,13:48:02,CO2,0.087,0.72,11.95,0.109,HC,2,Dark,3,896.85,0.0893586,858.406,12.5902,1.51
2021-08-03,13:45:02,13:48:02,CH4,-0.013,0.89,11.95,-0.016,HC,2,Dark,3,896.85,0.0893586,858.406,12.5902,1.51
2021-08-03,13:52:49,13:55:49,CH4,-0.058,0.98,11.55,-0.073,BC,2,Light,1,896.85,691.03,903.532,12.4631,1.51
2021-08-03,13:53:50,13:56:50,CO2,0.014,0.57,11.34,0.018,BC,2,Light,1,896.85,691.03,903.532,12.4631,1.51
2021-08-03,13:57:50,14:00:50,CO2,0.05,0.84,12.74,0.062,BC,2,Dark,1,896.85,0.0871247,1287.82,13.0404,1.51
2021-08-03,13:57:54,14:00:54,CH4,-0.086,0.92,12.77,-0.107,BC,2,Dark,1,896.85,0.0871247,1287.82,13.0404,1.51
2021-08-03,14:02:59,14:05:59,CO2,0.035,0.88,13.06,0.044,BC,2,Light,2,896.85,547.563,714.474,14.6498,1.51
2021-08-03,14:03:03,14:06:03,CH4,-0.084,0.97,13.06,-0.105,BC,2,Light,2,896.85,547.563,714.474,14.6498,1.51
2021-08-03,14:08:02,14:11:02,CH4,-0.084,0.96,10.52,-0.105,BC,2,Dark,2,896.85,0.0759548,707.859,11.1916,1.51
2021-08-03,14:08:34,14:11:34,CO2,0.047,0.94,10.52,0.059,BC,2,Dark,2,896.85,0.0759548,707.859,11.1916,1.51
2021-08-03,14:16:40,14:19:40,CH4,-0.075,0.99,10.09,-0.094,BC,2,Light,3,896.95,571.393,735.931,11.352,3.02
2021-08-03,14:18:10,14:21:10,CO2,0.049,0.95,10.18,0.062,BC,2,Light,3,896.95,571.393,735.931,11.352,3.02
2021-08-03,14:21:46,14:24:46,CH4,-0.146,0.97,10.31,-0.183,BC,2,Dark,3,896.95,0.0826567,771.504,11.6025,3.02
2021-08-03,14:22:04,14:25:04,CO2,0.065,0.95,10.31,0.082,BC,2,Dark,3,896.95,0.0826567,771.504,11.6025,3.02
2021-08-03,14:32:18,14:35:18,CH4,-0.057,0.99,10.89,-0.071,BC,3,Light,1,896.95,545.349,776.862,12.8367,3.02
2021-08-03,14:32:21,14:35:21,CO2,0.09,0.99,10.9,0.113,BC,3,Light,1,896.95,545.349,776.862,12.8367,3.02
2021-08-03,14:36:45,14:39:45,CO2,0.101,0.98,11.37,0.126,BC,3,Dark,1,896.95,0.10723,811.479,11.8227,3.02
2021-08-03,14:36:47,14:39:47,CH4,-0.064,0.98,11.37,-0.08,BC,3,Dark,1,896.95,0.10723,811.479,11.8227,3.02
2021-08-03,14:40:54,14:43:54,CH4,-0.076,0.99,11.42,-0.095,BC,3,Light,2,896.95,502.694,785.485,14.0125,3.02
2021-08-03,14:41:22,14:44:22,CO2,0.101,0.98,11.42,0.126,BC,3,Light,2,896.95,502.694,785.485,14.0125,3.02
2021-08-03,14:45:47,14:48:47,CO2,0.118,0.95,11.22,0.148,BC,3,Dark,2,896.95,0.125102,676.829,11.1252,3.02
2021-08-03,14:45:47,14:48:47,CH4,-0.095,0.89,11.22,-0.119,BC,3,Dark,2,896.95,0.125102,676.829,11.1252,3.02
2021-08-03,14:51:51,14:54:51,CO2,0.113,0.99,10.12,0.142,BC,3,Light,3,896.95,428.137,626.826,10.4779,3.02
2021-08-03,14:52:18,14:55:18,CH4,-0.064,1,10.12,-0.08,BC,3,Light,3,896.95,428.137,626.826,10.4779,3.02
2021-08-03,14:55:33,14:58:33,CH4,-0.046,0.92,10.12,-0.058,BC,3,Dark,3,896.95,0.0737209,789.984,10.3624,3.02
2021-08-03,14:55:51,14:58:51,CO2,0.081,0.94,10.12,0.102,BC,3,Dark,3,896.95,0.0737209,789.984,10.3624,3.02
2021-08-03,15:05:18,15:08:06,CH4,-0.012,0.9,10.79,-0.015,HC,3,Light,1,896.95,522.806,805.414,14.0604,3.02
2021-08-03,15:05:35,15:08:23,CO2,-0.039,0.41,10.79,-0.049,HC,3,Light,1,896.95,522.806,805.414,14.0604,3.02
2021-08-03,15:13:47,15:16:21,CH4,-0.006,0.42,9.95,-0.008,HC,3,Dark,1,896.85,0.0848907,1010.75,10.813,3.52
2021-08-03,15:14:05,15:16:39,CO2,0.02,0.48,9.95,0.025,HC,3,Dark,1,896.85,0.0848907,1010.75,10.813,3.52
2021-08-03,15:18:24,15:21:24,CO2,-0.112,0.72,10.37,-0.141,HC,3,Light,2,896.85,524.274,779.636,13.5737,3.52
2021-08-03,15:19:02,15:22:02,CH4,-0.004,0.59,10.33,-0.005,HC,3,Light,2,896.85,524.274,779.636,13.5737,3.52
2021-08-03,15:24:01,15:26:01,CO2,0.057,0.64,10.26,0.072,HC,3,Dark,2,896.85,0.0871247,997.224,11.424,3.52
2021-08-03,15:24:01,15:26:01,CH4,-0.009,0.53,10.26,-0.011,HC,3,Dark,2,896.85,0.0871247,997.224,11.424,3.52
2021-08-03,15:29:05,15:31:41,CO2,-0.188,0.8,10.72,-0.236,HC,3,Light,3,896.85,555.431,776.888,13.6311,3.52
2021-08-03,15:29:05,15:31:41,CH4,-0.003,0.15,10.72,-0.004,HC,3,Light,3,896.85,555.431,776.888,13.6311,3.52
2021-08-03,15:34:35,15:36:41,CH4,0.005,0.5,10.68,0.006,HC,3,Dark,3,896.85,0.064785,776.089,10.7787,3.52
2021-08-03,15:35:23,15:37:29,CO2,0.037,0.59,10.37,0.046,HC,3,Dark,3,896.85,0.064785,776.089,10.7787,3.52
2021-08-03,15:42:37,15:45:31,CO2,-0.059,0.56,9.49,-0.074,HC,4,Light,1,896.85,356.302,459.306,11.5099,3.52
2021-08-03,15:43:06,15:46:00,CH4,-0.002,0.35,9.31,-0.003,HC,4,Light,1,896.85,356.302,459.306,11.5099,3.52
2021-08-03,15:48:38,15:51:32,CH4,-0.008,0.52,8.4,-0.01,HC,4,Dark,1,896.85,0.0692529,473.61,9.71298,3.52
2021-08-03,15:49:05,15:51:59,CO2,0.03,0.64,8.4,0.038,HC,4,Dark,1,896.85,0.0692529,473.61,9.71298,3.52
2021-08-03,15:55:50,15:58:50,CO2,-0.06,0.83,8.28,-0.076,HC,4,Light,2,896.85,338.019,441.333,11.183,3.52
2021-08-03,15:55:50,15:58:50,CH4,-0.004,0.62,8.28,-0.005,HC,4,Light,2,896.85,338.019,441.333,11.183,3.52
2021-08-03,16:01:19,16:04:19,CO2,0.028,0.56,8.15,0.035,HC,4,Dark,2,896.85,0.104996,490.729,9.20004,3.52
2021-08-03,16:02:23,16:05:23,CH4,-0.001,0.09,8.07,-0.001,HC,4,Dark,2,896.85,0.104996,490.729,9.20004,3.52
2021-08-03,16:05:38,16:08:38,CH4,-0.011,0.9,8.25,-0.014,HC,4,Light,3,896.85,309.15,516.292,9.24661,0.5
2021-08-03,16:06:40,16:09:40,CO2,-0.116,0.93,8.6,-0.147,HC,4,Light,3,896.85,309.15,516.292,9.24661,0.5
2021-08-03,16:10:47,16:13:47,CH4,-0.005,0.47,9.74,-0.006,HC,4,Dark,3,896.85,0.0558491,946.598,12.0733,0.5
2021-08-03,16:11:16,16:14:16,CO2,0.032,0.5,10.11,0.04,HC,4,Dark,3,896.85,0.0558491,946.598,12.0733,0.5
2021-08-03,16:19:09,16:22:09,CO2,0.037,0.89,11.03,0.046,BC,4,Light,1,896.85,252.909,349.158,13.0905,0.5
2021-08-03,16:19:09,16:22:09,CH4,-0.027,0.92,11.03,-0.034,BC,4,Light,1,896.85,252.909,349.158,13.0905,0.5
2021-08-03,16:24:49,16:27:49,CO2,0.018,0.3,10.48,0.023,BC,4,Dark,1,896.85,0.0714869,1162.3,11.6896,0.5
2021-08-03,16:25:48,16:28:48,CH4,0.017,0.6,10.84,0.021,BC,4,Dark,1,896.85,0.0714869,1162.3,11.6896,0.5
2021-08-03,16:31:09,16:34:09,CO2,0.022,0.58,11.12,0.028,BC,4,Light,2,896.85,981.406,1127.62,14.9694,0.5
2021-08-03,16:31:09,16:34:09,CH4,-0.016,0.41,11.12,-0.02,BC,4,Light,2,896.85,981.406,1127.62,14.9694,0.5
2021-08-03,16:36:10,16:39:10,CO2,0.027,0.63,11.28,0.034,BC,4,Dark,2,896.85,0.0491472,1027.33,12.105,0.5
2021-08-03,16:36:10,16:39:10,CH4,-0.023,0.42,11.28,-0.029,BC,4,Dark,2,896.85,0.0491472,1027.33,12.105,0.5
2021-08-03,16:41:17,16:44:17,CO2,0.052,0.9,11.57,0.065,BC,4,Light,3,896.85,274.959,348.302,15.3626,0.5
2021-08-03,16:41:17,16:44:17,CH4,-0.065,0.93,11.57,-0.081,BC,4,Light,3,896.85,274.959,348.302,15.3626,0.5
2021-08-03,16:47:33,16:50:33,CO2,0.025,0.72,8.71,0.032,BC,4,Dark,3,896.85,0.0737209,490.011,12.232,0.5
2021-08-03,16:47:36,16:50:36,CH4,-0.033,0.82,8.71,-0.042,BC,4,Dark,3,896.85,0.0737209,490.011,12.232,0.5
2021-08-05,11:09:06,11:12:06,CO2,0.086,0.98,13.84,0.107,BC,5,Light,1,900.85,774.087,1142.05,23.9872,0.5
2021-08-05,11:09:08,11:12:08,CH4,-0.097,0.99,13.84,-0.12,BC,5,Light,1,901.05,774.087,1142.05,23.9872,0.5
2021-08-05,11:13:07,11:16:07,CH4,-0.121,0.99,13.58,-0.15,BC,5,Dark,1,901.05,0.0692529,1107.27,17.8483,0.5
2021-08-05,11:13:49,11:16:49,CO2,0.117,0.99,13.38,0.145,BC,5,Dark,1,901.05,0.0692529,1107.27,17.8483,0.5
2021-08-05,11:18:40,11:21:40,CO2,0.097,0.99,12.95,0.121,BC,5,Light,2,901.05,684.507,948.144,16.4896,0.5
2021-08-05,11:18:40,11:21:40,CH4,-0.114,1,12.95,-0.142,BC,5,Light,2,901.05,684.507,948.144,16.4896,0.5
2021-08-05,11:23:49,11:26:49,CO2,0.089,0.98,12.18,0.111,BC,5,Dark,2,901.05,0.0982945,817.236,16.725,0.5
2021-08-05,11:24:12,11:27:12,CH4,-0.077,0.99,12.1,-0.096,BC,5,Dark,2,901.05,0.0982945,817.236,16.725,1.51
2021-08-05,11:28:59,11:31:59,CO2,0.089,0.99,11.51,0.111,BC,5,Light,3,901.05,508.891,671.914,15.838,1.51
2021-08-05,11:29:41,11:32:41,CH4,-0.105,1,11.47,-0.131,BC,5,Light,3,901.05,508.891,671.914,15.838,1.51
2021-08-05,11:34:03,11:37:03,CH4,-0.113,0.99,11.36,-0.141,BC,5,Dark,3,901.05,0.0603171,723.874,14.1426,1.51
2021-08-05,11:34:10,11:37:10,CO2,0.112,0.98,11.36,0.14,BC,5,Dark,3,901.05,0.0603171,723.874,14.1426,1.51
2021-08-05,11:41:50,11:44:38,CO2,-0.249,0.93,11.86,-0.311,HC,5,Light,1,901.05,443.239,699.077,15.2703,1.51
2021-08-05,11:42:00,11:44:48,CH4,-0.025,0.97,11.9,-0.031,HC,5,Light,1,901.05,443.239,699.077,15.2703,1.51
2021-08-05,11:52:20,11:54:26,CH4,-0.042,0.98,12.86,-0.052,HC,5,Dark,1,901.05,0.111698,761.968,14.9473,1.51
2021-08-05,11:53:02,11:55:08,CO2,0.265,0.99,13.1,0.33,HC,5,Dark,1,901.05,0.111698,761.968,14.9473,1.51
2021-08-05,11:57:25,11:58:49,CH4,-0.042,0.97,13.45,-0.052,HC,5,Light,2,901.05,573.51,980.693,14.9353,1.51
2021-08-05,11:57:29,11:58:53,CO2,-0.363,0.98,13.45,-0.451,HC,5,Light,2,901.05,573.51,980.693,14.9353,1.51
2021-08-05,12:02:17,12:04:23,CH4,-0.042,0.93,12.18,-0.052,HC,5,Dark,2,901.05,0.062551,763.098,15.0645,1.51
2021-08-05,12:02:36,12:04:42,CO2,0.196,0.93,12.21,0.245,HC,5,Dark,2,901.05,0.062551,763.098,15.0645,1.51
2021-08-05,12:08:02,12:10:08,CO2,-0.256,0.96,12.37,-0.319,HC,5,Light,3,901.05,596.826,972.867,17.4262,1.51
2021-08-05,12:08:02,12:10:08,CH4,-0.056,0.99,12.37,-0.07,HC,5,Light,3,901.05,596.826,972.867,17.4262,1.51
2021-08-05,12:16:49,12:18:55,CO2,0.033,0.09,12.89,0.041,HC,5,Dark,3,901.25,0.0156378,1072.92,15.0972,1.51
2021-08-05,12:17:19,12:19:25,CH4,0.005,0.05,12.89,0.006,HC,5,Dark,3,901.25,0.0156378,1072.92,15.0972,1.51
2021-08-05,12:41:15,12:44:15,CH4,-0.191,0.96,14.27,-0.237,BC,6,Light,1,901.25,502.682,832.358,18.5418,1.51
2021-08-05,12:41:24,12:44:24,CO2,0.074,0.96,14.23,0.092,BC,6,Light,1,901.25,502.682,832.358,18.5418,1.51
2021-08-05,12:46:28,12:49:28,CO2,0.076,0.83,11.87,0.095,BC,6,Dark,1,901.25,0.122868,646.262,15.6869,1.51
2021-08-05,12:46:28,12:49:28,CH4,-0.236,0.77,11.87,-0.295,BC,6,Dark,1,901.25,0.122868,646.262,15.6869,3.02
2021-08-05,12:51:25,12:54:25,CO2,0.052,0.88,11.21,0.065,BC,6,Light,2,901.25,361.902,466.383,14.5379,3.02
2021-08-05,12:52:20,12:55:20,CH4,-0.094,0.95,11.11,-0.118,BC,6,Light,2,901.25,361.902,466.383,14.5379,3.02
2021-08-05,12:56:23,12:59:23,CO2,0.113,0.65,10.85,0.142,BC,6,Dark,2,901.25,0.100528,521.861,13.1196,3.02
2021-08-05,12:56:23,12:59:23,CH4,-0.414,0.71,10.85,-0.519,BC,6,Dark,2,901.25,0.100528,521.861,13.1196,3.02
2021-08-05,13:01:48,13:04:48,CH4,-0.167,0.99,10.63,-0.21,BC,6,Light,3,901.25,358.543,447.345,12.2416,3.02
2021-08-05,13:01:50,13:04:50,CO2,0.049,0.95,10.63,0.062,BC,6,Light,3,901.25,358.543,447.345,12.2416,3.02
2021-08-05,13:08:25,13:11:25,CO2,0.101,0.88,11,0.127,BC,6,Dark,3,901.25,0.064785,559.242,12.4995,3.02
2021-08-05,13:08:26,13:11:26,CH4,-0.395,0.88,11,-0.495,BC,6,Dark,3,901.25,0.064785,559.242,12.4995,3.02
2021-08-05,13:18:22,13:21:22,CH4,-0.047,0.97,11.85,-0.059,HC,6,Light,1,901.55,534.188,745.086,19.7281,3.02
2021-08-05,13:18:24,13:21:24,CO2,-0.378,0.97,11.89,-0.472,HC,6,Light,1,901.55,534.188,745.086,19.7281,3.02
2021-08-05,13:41:34,13:44:34,CO2,0.227,0.99,12.14,0.283,HC,6,Dark,1,901.55,0.0893586,462.192,14.9554,3.02
2021-08-05,13:42:17,13:45:17,CH4,-0.063,0.99,12.14,-0.079,HC,6,Dark,1,901.55,0.0893586,462.192,14.9554,3.02
2021-08-05,13:46:13,13:49:13,CO2,-0.297,0.93,12.5,-0.37,HC,6,Light,2,901.55,416.072,555.822,14.4758,3.02
2021-08-05,13:47:35,13:50:35,CH4,-0.053,0.97,12.5,-0.066,HC,6,Light,2,901.55,416.072,555.822,14.4758,3.02
2021-08-05,13:56:30,13:59:30,CO2,0.299,0.99,12.37,0.373,HC,6,Dark,2,901.55,0.0491472,420.957,14.0452,3.02
2021-08-05,13:56:31,13:59:31,CH4,-0.098,0.98,12.37,-0.122,HC,6,Dark,2,901.55,0.0491472,420.957,14.0452,3.02
2021-08-05,14:00:41,14:03:41,CO2,-0.305,0.97,12.55,-0.38,HC,6,Light,3,901.55,484.029,651.742,13.7387,3.02
2021-08-05,14:01:19,14:04:19,CH4,-0.075,0.99,12.55,-0.094,HC,6,Light,3,901.55,484.029,651.742,13.7387,3.52
2021-08-05,14:12:07,14:15:07,CH4,-0.075,0.94,13.06,-0.093,HC,6,Dark,3,901.85,0.0737209,789.915,16.1424,3.52
2021-08-05,14:13:16,14:16:16,CO2,0.173,0.97,13.06,0.215,HC,6,Dark,3,901.85,0.0737209,789.915,16.1424,3.52
2021-08-05,14:33:53,14:36:53,CH4,-0.022,0.97,11.76,-0.028,HC,7,Light,1,901.85,356.568,520.854,14.5917,3.52
2021-08-05,14:33:56,14:36:56,CO2,-0.208,0.94,11.74,-0.26,HC,7,Light,1,901.85,356.568,520.854,14.5917,3.52
2021-08-05,14:37:42,14:40:42,CH4,-0.023,0.79,11.16,-0.029,HC,7,Dark,1,901.85,0.0915926,459.415,12.7675,3.52
2021-08-05,14:42:42,14:45:42,CH4,-0.026,0.79,10.44,-0.033,HC,7,Light,2,901.85,259.759,337.735,11.6557,3.52
2021-08-05,14:43:10,14:46:10,CO2,-0.065,0.62,10.42,-0.082,HC,7,Light,2,901.85,259.759,337.735,11.6557,3.52
2021-08-05,14:51:42,14:54:42,CO2,0.07,0.92,10.17,0.088,HC,7,Dark,2,901.85,0.0580831,486.978,11.6335,3.52
2021-08-05,14:52:00,14:55:00,CH4,-0.01,0.86,10.17,-0.013,HC,7,Dark,2,901.85,0.0580831,486.978,11.6335,3.52
2021-08-05,14:58:50,15:01:50,CH4,-0.037,0.91,10.86,-0.046,HC,7,Light,3,901.85,414.841,549.533,11.2492,3.52
2021-08-05,14:58:59,15:01:59,CO2,-0.109,0.72,10.85,-0.137,HC,7,Light,3,901.85,414.841,549.533,11.2492,3.52
2021-08-05,15:03:05,15:06:05,CH4,-0.04,0.91,10.66,-0.05,HC,7,Dark,3,901.85,0.1184,472.843,11.5334,3.52
2021-08-05,15:03:31,15:06:31,CO2,0.113,0.94,10.66,0.142,HC,7,Dark,3,901.85,0.1184,472.843,11.5334,3.52
2021-08-05,15:24:28,15:27:28,CO2,0.067,0.98,9.55,0.084,BC,7,Light,1,902.05,395.805,546.348,11.2161,3.52
2021-08-05,15:24:28,15:27:28,CH4,-0.166,1,9.55,-0.209,BC,7,Light,1,902.05,395.805,546.348,11.2161,3.52
2021-08-05,15:29:26,15:32:26,CO2,0.11,0.95,9.8,0.138,BC,7,Dark,1,902.05,0.0915926,567.188,10.5399,3.52
2021-08-05,15:30:28,15:33:28,CH4,-0.179,0.96,9.9,-0.225,BC,7,Dark,1,902.05,0.0915926,567.188,10.5399,3.52
2021-08-05,15:34:25,15:37:25,CO2,0.056,0.95,10.01,0.07,BC,7,Light,2,902.05,423.207,554.082,10.8748,0.5
2021-08-05,15:35:51,15:38:51,CH4,-0.167,1,9.93,-0.21,BC,7,Light,2,902.05,423.207,554.082,10.8748,0.5
2021-08-05,15:40:18,15:43:18,CH4,-0.197,0.99,9.64,-0.248,BC,7,Dark,2,902.05,0.102762,422.338,10.6778,0.5
2021-08-05,15:40:52,15:43:52,CO2,0.124,0.99,9.57,0.156,BC,7,Dark,2,902.05,0.102762,422.338,10.6778,0.5
2021-08-05,15:46:44,15:49:44,CO2,0.073,0.98,9.28,0.092,BC,7,Light,3,902.05,272.693,365.716,11.6592,0.5
2021-08-05,15:46:44,15:49:44,CH4,-0.188,1,9.28,-0.237,BC,7,Light,3,902.05,272.693,365.716,11.6592,0.5
2021-08-05,15:51:52,15:54:52,CO2,0.126,0.98,9.26,0.159,BC,7,Dark,3,902.05,0.136272,330.645,9.983,0.5
2021-08-05,15:51:52,15:54:52,CH4,-0.195,0.99,9.26,-0.246,BC,7,Dark,3,902.05,0.136272,330.645,9.983,0.5
2021-08-06,11:36:05,11:39:05,CH4,-0.005,0.64,18.4,-0.006,HE,1,Light,1,904.05,680.957,870.831,21.6006,0.5
2021-08-06,11:37:01,11:40:01,CO2,-0.048,0.83,18.4,-0.059,HE,1,Light,1,904.05,680.957,870.831,21.6006,0.5
2021-08-06,11:51:39,11:54:39,CO2,0.037,0.42,17.68,0.045,HE,1,Dark,1,904.05,0.0960605,724.35,21.3127,0.5
2021-08-06,11:52:03,11:55:03,CH4,0.008,0.77,17.48,0.01,HE,1,Dark,1,904.05,0.0960605,724.35,21.3127,0.5
2021-08-06,11:56:49,11:59:49,CO2,-0.105,0.55,18.26,-0.128,HE,1,Light,2,904.05,1211.85,1497.6,19.6447,0.5
2021-08-06,11:56:49,11:59:49,CH4,-0.011,0.46,18.26,-0.013,HE,1,Light,2,904.05,1211.85,1497.6,19.6447,0.5
2021-08-06,12:01:42,12:04:42,CH4,-0.01,0.65,18.53,-0.012,HE,1,Dark,2,904.05,0.0982945,1038.01,20.5142,0.5
2021-08-06,12:02:27,12:05:27,CO2,0.079,0.74,18.34,0.097,HE,1,Dark,2,904.05,0.0982945,1038.01,20.5142,0.5
2021-08-06,12:07:03,12:10:03,CO2,-0.206,0.79,17.11,-0.253,HE,1,Light,3,904.05,922.833,1198.47,18.8632,0.5
2021-08-06,12:07:03,12:10:03,CH4,-0.017,0.83,17.11,-0.021,HE,1,Light,3,904.05,922.833,1198.47,18.8632,0.5
2021-08-06,12:12:25,12:15:25,CO2,0.112,0.92,17.13,0.137,HE,1,Dark,3,904.05,0.0915926,907.591,18.0891,0.5
2021-08-06,12:12:42,12:15:42,CH4,-0.016,0.82,17.13,-0.02,HE,1,Dark,3,904.05,0.0915926,907.591,18.0891,0.5
2021-08-06,12:17:30,12:19:42,CO2,0.043,0.68,17.97,0.053,BE,1,Light,1,904.05,871.396,1203.51,20.8095,0.5
2021-08-06,12:17:47,12:19:59,CH4,-0.02,0.9,18.18,-0.024,BE,1,Light,1,904.05,871.396,1203.51,20.8095,0.5
2021-08-06,12:22:00,12:24:12,CH4,-0.015,0.68,19.02,-0.018,BE,1,Dark,1,904.05,0.100528,1734.22,20.4342,0.5
2021-08-06,12:22:01,12:24:13,CO2,0.099,0.84,19.02,0.121,BE,1,Dark,1,904.05,0.100528,1734.22,20.4342,1.51
2021-08-06,12:27:07,12:29:19,CH4,-0.029,0.91,19.91,-0.035,BE,1,Light,2,904.05,1203.36,1692.11,19.9528,1.51
2021-08-06,12:28:00,12:30:12,CO2,-0.037,0.6,20.06,-0.045,BE,1,Light,2,904.05,1203.36,1692.11,19.9528,1.51
2021-08-06,12:32:17,12:34:29,CO2,0.17,0.98,20.41,0.206,BE,1,Dark,2,904.05,0.15191,1444.97,22.0779,1.51
2021-08-06,12:32:32,12:34:44,CH4,-0.012,0.74,20.46,-0.015,BE,1,Dark,2,904.05,0.15191,1444.97,22.0779,1.51
2021-08-06,12:36:56,12:39:08,CO2,0.033,0.36,18.18,0.04,BE,1,Light,3,904.05,532.09,705.352,19.8168,1.51
2021-08-06,12:36:56,12:39:08,CH4,-0.034,0.93,18.18,-0.042,BE,1,Light,3,904.05,532.09,705.352,19.8168,1.51
2021-08-06,12:42:03,12:44:15,CO2,0.156,0.83,16.76,0.192,BE,1,Dark,3,904.05,0.102762,598.667,18.256,1.51
2021-08-06,12:43:04,12:45:16,CH4,0.017,0.82,16.54,0.021,BE,1,Dark,3,904.05,0.102762,598.667,18.256,1.51
2021-08-06,12:50:11,12:52:35,CH4,-0.005,0.58,16.04,-0.006,HE,2,Light,1,904.25,484.748,610.996,17.0235,1.51
2021-08-06,12:50:18,12:52:42,CO2,-0.043,0.25,16,-0.053,HE,2,Light,1,904.05,484.748,610.996,17.0235,1.51
2021-08-06,12:56:22,12:58:46,CO2,0.139,0.92,15.08,0.172,HE,2,Dark,1,904.05,0.0446793,598.747,15.9292,1.51
2021-08-06,12:56:49,12:59:13,CH4,-0.009,0.87,15.13,-0.011,HE,2,Dark,1,904.25,0.0446793,598.747,15.9292,1.51
2021-08-06,13:00:56,13:03:20,CO2,-0.07,0.59,15.46,-0.086,HE,2,Light,2,904.05,444.997,569.679,16.7305,1.51
2021-08-06,13:00:56,13:03:20,CH4,-0.011,0.74,15.46,-0.014,HE,2,Light,2,904.25,444.997,569.679,16.7305,1.51
2021-08-06,13:05:34,13:07:58,CH4,-0.005,0.46,15.17,-0.006,HE,2,Dark,2,904.25,0.0938266,594.577,15.7644,1.51
2021-08-06,13:05:54,13:08:18,CO2,0.074,0.88,15.12,0.091,HE,2,Dark,2,904.05,0.0938266,594.577,15.7644,1.51
2021-08-06,13:10:42,13:13:06,CH4,-0.011,0.78,15.03,-0.014,HE,2,Light,3,904.25,470.308,604.978,15.3724,1.51
2021-08-06,13:11:51,13:14:15,CO2,-0.028,0.58,15.04,-0.035,HE,2,Light,3,904.25,470.308,604.978,15.3724,1.51
2021-08-06,13:15:31,13:17:55,CH4,-0.012,0.78,15.24,-0.015,HE,2,Dark,3,904.25,0.10723,638.318,15.6791,1.51
2021-08-06,13:15:53,13:18:17,CO2,0.081,0.73,15.28,0.1,HE,2,Dark,3,904.25,0.10723,638.318,15.6791,3.02
2021-08-06,13:22:53,13:25:53,CH4,-0.008,0.89,15.49,-0.01,BE,2,Light,1,904.25,499.256,592.041,16.9141,3.02
2021-08-06,13:22:56,13:25:56,CO2,0.037,0.5,15.49,0.046,BE,2,Light,1,904.25,499.256,592.041,16.9141,3.02
2021-08-06,13:29:42,13:32:42,CH4,-0.009,0.92,14.25,-0.011,BE,2,Dark,1,904.25,0.0781888,403.899,15.955,3.02
2021-08-06,13:30:04,13:33:04,CO2,0.09,0.97,14.25,0.112,BE,2,Dark,1,904.25,0.0781888,403.899,15.955,3.02
2021-08-06,13:33:55,13:36:55,CH4,-0.007,0.73,14.25,-0.009,BE,2,Light,2,904.25,425.78,503.424,20.1604,3.02
2021-08-06,13:34:17,13:37:17,CO2,0.023,0.25,14.25,0.029,BE,2,Light,2,904.25,425.78,503.424,20.1604,3.02
2021-08-06,13:43:29,13:46:29,CH4,-0.01,0.83,15.29,-0.012,BE,2,Dark,2,904.25,0.116166,502.403,17.999,3.02
2021-08-06,13:43:30,13:46:30,CO2,0.123,0.91,15.29,0.152,BE,2,Dark,2,904.25,0.116166,502.403,17.999,3.02
2021-08-06,13:57:01,14:00:01,CH4,-0.011,0.94,13.82,-0.014,BE,2,Light,3,904.25,210.766,277.61,16.1472,3.02
2021-08-06,13:57:06,14:00:06,CO2,0.081,0.96,13.82,0.101,BE,2,Light,3,904.25,210.766,277.61,16.1472,3.02
2021-08-06,14:01:02,14:03:02,CO2,0.121,0.79,13.23,0.151,BE,2,Dark,3,904.25,0.12957,240.851,14.5562,3.02
2021-08-06,14:01:02,14:03:02,CH4,-0.011,0.8,13.23,-0.014,BE,2,Dark,3,904.25,0.12957,240.851,14.5562,3.02
2021-08-06,14:13:08,14:15:08,CO2,0.059,0.64,11.63,0.074,BE,3,Light,1,904.45,384.11,486.377,13.6109,3.02
2021-08-06,14:13:08,14:15:08,CH4,-0.021,0.59,11.63,-0.026,BE,3,Light,1,904.45,384.11,486.377,13.6109,3.02
2021-08-06,14:18:13,14:20:13,CH4,-0.021,0.92,12.1,-0.026,BE,3,Dark,1,904.45,0.0580831,409.785,12.8692,3.02
2021-08-06,14:18:19,14:20:19,CO2,0.095,0.95,12.1,0.119,BE,3,Dark,1,904.45,0.0580831,409.785,12.8692,3.02
2021-08-06,14:25:02,14:27:02,CO2,0.099,0.9,12.52,0.123,BE,3,Light,2,904.45,567.843,590.509,12.6363,3.02
2021-08-06,14:25:09,14:27:09,CH4,-0.048,0.96,12.52,-0.06,BE,3,Light,2,904.45,567.843,590.509,12.6363,3.52
2021-08-06,14:32:17,14:34:17,CO2,0.187,0.75,14.65,0.231,BE,3,Dark,2,904.45,0.0915926,554.506,15.8011,3.52
2021-08-06,14:32:17,14:34:17,CH4,-0.054,0.66,14.65,-0.067,BE,3,Dark,2,904.45,0.0915926,554.506,15.8011,3.52
2021-08-06,14:37:32,14:39:32,CH4,-0.037,0.98,15.01,-0.046,BE,3,Light,3,904.45,926.779,979.341,15.1009,3.52
2021-08-06,14:38:09,14:40:09,CO2,0.138,0.94,15.28,0.17,BE,3,Light,3,904.45,926.779,979.341,15.1009,0.5
2021-08-06,14:41:41,14:43:41,CH4,-0.027,0.63,17.34,-0.033,BE,3,Dark,3,904.45,0.125102,1276.84,17.6187,0.5
2021-08-06,14:41:42,14:43:42,CO2,0.127,0.83,17.35,0.156,BE,3,Dark,3,904.45,0.125102,1276.84,17.6187,0.5
2021-08-06,14:48:55,14:51:55,CO2,-0.107,0.63,17.16,-0.131,HE,3,Light,1,904.45,265.679,351.401,18.7003,0.5
2021-08-06,14:49:13,14:52:13,CH4,-0.028,0.98,17.12,-0.034,HE,3,Light,1,904.45,265.679,351.401,18.7003,0.5
2021-08-06,14:55:40,14:58:40,CH4,-0.041,0.89,15.77,-0.051,HE,3,Dark,1,904.45,0.067019,1294.3,17.4879,0.5
2021-08-06,14:56:31,14:59:31,CO2,0.222,0.91,16.07,0.273,HE,3,Dark,1,904.45,0.067019,1294.3,17.4879,0.5
2021-08-06,15:03:00,15:06:00,CH4,-0.046,0.98,19.51,-0.056,HE,3,Light,2,904.45,923.633,1201.97,17.9515,0.5
2021-08-06,15:04:13,15:07:13,CO2,-0.129,0.95,19.51,-0.157,HE,3,Light,2,904.45,923.633,1201.97,17.9515,0.5
2021-08-06,15:17:44,15:20:44,CH4,-0.038,0.79,14.85,-0.047,HE,3,Dark,2,903.55,0.0737209,315.335,18.2831,0.5
2021-08-06,15:18:02,15:21:02,CO2,0.233,0.88,14.99,0.288,HE,3,Dark,2,903.55,0.0737209,315.335,18.2831,0.5
2021-08-06,15:24:04,15:27:04,CO2,-0.197,0.96,19.39,-0.24,HE,3,Light,3,903.55,923.611,1192.34,22.8314,0.5
2021-08-06,15:24:28,15:27:28,CH4,-0.023,0.93,19.48,-0.028,HE,3,Light,3,903.55,923.611,1192.34,22.8314,0.5
2021-08-06,15:28:31,15:31:31,CO2,0.33,0.98,18.94,0.402,HE,3,Dark,3,903.55,0.100528,291.09,20.2261,0.5
2021-08-06,15:28:33,15:31:33,CH4,-0.06,0.99,18.93,-0.073,HE,3,Dark,3,903.55,0.100528,291.09,20.2261,0.5
2021-08-06,15:34:50,15:37:50,CO2,0.06,0.88,15.54,0.074,BE,4,Light,1,903.55,165.716,249.592,17.7283,0.5
2021-08-06,15:34:50,15:37:50,CH4,-0.007,0.74,15.54,-0.009,BE,4,Light,1,903.55,165.716,249.592,17.7283,0.5
2021-08-06,15:40:54,15:43:54,CO2,0.149,0.59,14.41,0.185,BE,4,Dark,1,903.55,0.0424453,276.292,15.9971,0.5
2021-08-06,15:40:54,15:43:54,CH4,-0.023,0.73,14.41,-0.028,BE,4,Dark,1,903.55,0.0424453,276.292,15.9971,0.5
2021-08-06,15:47:51,15:50:51,CH4,-0.017,0.91,14.51,-0.021,BE,4,Light,2,903.55,223.209,283.37,15.3556,0.5
2021-08-06,15:48:11,15:51:11,CO2,0.054,0.91,14.52,0.067,BE,4,Light,2,903.55,223.209,283.37,15.3556,0.5
2021-08-06,15:53:12,15:56:12,CO2,0.187,0.81,14.94,0.231,BE,4,Dark,2,903.55,0.0558491,364.565,15.4872,0.5
2021-08-06,15:53:12,15:56:12,CH4,-0.022,0.73,14.94,-0.027,BE,4,Dark,2,903.55,0.0558491,364.565,15.4872,0.5
2021-08-06,16:00:51,16:03:51,CH4,-0.004,0.27,19.21,-0.005,BE,4,Light,3,903.55,834.5,1097.62,17.3382,1.51
2021-08-06,16:01:07,16:04:07,CO2,-0.043,0.76,19.21,-0.052,BE,4,Light,3,903.55,834.5,1097.62,17.3382,1.51
2021-08-06,16:09:16,16:12:16,CO2,0.182,0.97,16.18,0.224,BE,4,Dark,3,903.55,0.0915926,361.48,16.1557,1.51
2021-08-06,16:09:17,16:12:17,CH4,-0.013,0.93,16.18,-0.016,BE,4,Dark,3,903.55,0.0915926,361.48,16.1557,1.51
2021-08-06,16:15:37,16:18:07,CO2,-0.263,0.98,18.66,-0.321,HE,4,Light,1,903.65,1047.31,1162.15,18.412,1.51
2021-08-06,16:15:52,16:18:22,CH4,-0.016,0.95,18.96,-0.02,HE,4,Light,1,903.65,1047.31,1162.15,18.412,1.51
2021-08-06,16:22:10,16:24:40,CO2,0.163,0.71,16.87,0.2,HE,4,Dark,1,903.65,0.113932,280.142,17.9728,1.51
2021-08-06,16:22:10,16:24:40,CH4,-0.011,0.52,16.87,-0.014,HE,4,Dark,1,903.65,0.113932,280.142,17.9728,1.51
2021-08-06,16:28:00,16:30:30,CH4,-0.007,0.69,16.55,-0.009,HE,4,Light,2,903.65,1075.53,1143.47,17.7268,1.51
2021-08-06,16:28:05,16:30:35,CO2,-0.147,0.87,16.55,-0.181,HE,4,Light,2,903.65,1075.53,1143.47,17.7268,1.51
2021-08-06,16:33:37,16:36:13,CH4,-0.004,0.31,18.6,-0.005,HE,4,Dark,2,903.65,0.125102,895.997,19.1733,1.51
2021-08-06,16:34:54,16:37:24,CO2,0.095,0.9,18.94,0.116,HE,4,Dark,2,903.65,0.125102,895.997,19.1733,1.51
2021-08-06,16:39:04,16:41:34,CH4,-0.019,0.89,18.16,-0.023,HE,4,Light,3,903.65,425.91,479.675,18.6585,1.51
2021-08-06,16:40:19,16:42:49,CO2,-0.153,0.93,18.03,-0.187,HE,4,Light,3,903.65,425.91,479.675,18.6585,1.51
2021-08-06,16:43:41,16:46:11,CH4,-0.013,0.76,19.18,-0.016,HE,4,Dark,3,903.65,0.0826567,951.437,19.4787,1.51
2021-08-06,16:44:18,16:46:48,CO2,0.199,0.84,19.43,0.242,HE,4,Dark,3,903.65,0.0826567,951.437,19.4787,1.51
2021-08-07,10:09:14,10:11:44,CO2,-0.129,0.86,16.68,-0.159,BE,5,Light,1,907.25,1043.55,1084.17,18.9597,1.51
2021-08-07,10:09:58,10:12:28,CH4,-0.014,0.93,16.68,-0.017,BE,5,Light,1,907.25,1043.55,1084.17,18.9597,1.51
2021-08-07,10:16:11,10:18:41,CH4,-0.038,0.98,19.05,-0.046,BE,5,Dark,1,907.45,0.0469133,1030.49,19.515,1.51
2021-08-07,10:16:30,10:19:00,CO2,0.441,0.98,19.2,0.537,BE,5,Dark,1,907.45,0.0469133,1030.49,19.515,1.51
2021-08-07,10:22:24,10:24:54,CH4,-0.033,0.99,19.84,-0.04,BE,5,Light,2,907.45,1110.33,1045.58,23.3187,3.02
2021-08-07,10:22:26,10:24:56,CO2,-0.065,0.91,19.84,-0.079,BE,5,Light,2,907.45,1110.33,1045.58,23.3187,3.02
2021-08-07,10:26:01,10:28:31,CH4,-0.032,0.86,19.02,-0.039,BE,5,Dark,2,907.45,0.0469133,1021.35,21.3996,3.02
2021-08-07,10:26:23,10:28:53,CO2,0.349,0.9,19.02,0.426,BE,5,Dark,2,907.45,0.0469133,1021.35,21.3996,3.02
2021-08-07,10:32:00,10:34:00,CH4,-0.029,0.97,18.88,-0.035,BE,5,Light,3,907.45,1061.42,1068.66,22.2697,3.02
2021-08-07,10:32:30,10:35:00,CO2,0.057,0.39,18.84,0.07,BE,5,Light,3,907.45,1061.42,1068.66,22.2697,3.02
2021-08-07,10:37:12,10:39:12,CO2,0.43,0.98,19.97,0.523,BE,5,Dark,3,907.45,0.0982945,1098.03,20.5849,3.02
2021-08-07,10:37:12,10:39:12,CH4,-0.038,0.97,19.97,-0.046,BE,5,Dark,3,907.45,0.0982945,1098.03,20.5849,3.02
2021-08-07,10:41:42,10:44:42,CO2,-0.153,0.95,19.23,-0.186,HE,5,Light,1,907.45,1050.09,1093.49,21.6039,3.02
2021-08-07,10:42:23,10:45:23,CH4,-0.005,0.66,19.21,-0.006,HE,5,Light,1,907.45,1050.09,1093.49,21.6039,3.02
2021-08-07,10:45:57,10:48:57,CH4,-0.01,0.85,19.75,-0.012,HE,5,Dark,1,907.45,0.104996,1090.18,21.6036,3.02
2021-08-07,10:46:32,10:49:32,CO2,0.425,0.98,19.8,0.517,HE,5,Dark,1,907.45,0.104996,1090.18,21.6036,3.02
2021-08-07,10:51:02,10:54:02,CH4,-0.006,0.66,19.24,-0.007,HE,5,Light,2,907.45,1044.59,1136.62,19.7591,3.02
2021-08-07,10:51:03,10:54:03,CO2,-0.076,0.47,19.24,-0.093,HE,5,Light,2,907.45,1044.59,1136.62,19.7591,3.02
2021-08-07,10:55:52,10:58:52,CH4,-0.008,0.83,19.4,-0.01,HE,5,Dark,2,907.45,0.0558491,1130.33,21.1862,3.02
2021-08-07,10:56:57,10:59:57,CO2,0.33,0.99,19.56,0.402,HE,5,Dark,2,907.45,0.0558491,1130.33,21.1862,3.02
2021-08-07,11:01:06,11:04:06,CH4,-0.006,0.72,18.46,-0.007,HE,5,Light,3,907.45,1044.09,1161.84,19.813,3.02
2021-08-07,11:02:08,11:05:08,CO2,-0.258,0.97,18.46,-0.315,HE,5,Light,3,907.45,1044.09,1161.84,19.813,3.02
2021-08-07,11:09:17,11:12:17,CH4,-0.004,0.38,19.45,-0.005,HE,5,Dark,3,907.45,0.067019,1263.08,22.222,3.52
2021-08-07,11:09:28,11:12:28,CO2,0.142,0.91,19.45,0.173,HE,5,Dark,3,907.45,0.067019,1263.08,22.222,3.52
2021-08-07,11:16:40,11:19:40,CH4,-0.011,0.75,18.3,-0.013,BE,6,Light,1,907.45,940.468,1123.07,20.4952,3.52
2021-08-07,11:16:49,11:19:49,CO2,-0.021,0.36,18.28,-0.026,BE,6,Light,1,907.45,940.468,1123.07,20.4952,3.52
2021-08-07,11:22:48,11:25:48,CH4,-0.023,0.88,17.62,-0.028,BE,6,Dark,1,907.45,0.116166,613.581,20.2981,3.52
2021-08-07,11:22:57,11:25:57,CO2,0.19,0.94,17.57,0.233,BE,6,Dark,1,907.45,0.116166,613.581,20.2981,3.52
2021-08-07,11:27:03,11:30:03,CO2,0.025,0.27,16.68,0.031,BE,6,Light,2,907.45,660.684,802.653,18.8609,3.52
2021-08-07,11:27:03,11:30:03,CH4,-0.026,0.97,16.68,-0.032,BE,6,Light,2,907.45,660.684,802.653,18.8609,3.52
2021-08-07,11:31:02,11:34:02,CO2,0.311,0.85,17.22,0.382,BE,6,Dark,2,907.45,0.0938266,1043,19.0136,3.52
2021-08-07,11:31:49,11:34:49,CH4,-0.024,0.89,17.22,-0.029,BE,6,Dark,2,907.45,0.0938266,1043,19.0136,3.52
2021-08-07,11:41:48,11:44:48,CO2,-0.054,0.76,18.1,-0.066,BE,6,Light,3,907.45,803.964,1187.02,19.0481,3.52
2021-08-07,11:41:54,11:44:54,CH4,-0.009,0.89,18.11,-0.011,BE,6,Light,3,907.45,803.964,1187.02,19.0481,3.52
2021-08-07,11:45:45,11:48:45,CH4,-0.011,0.53,18.18,-0.013,BE,6,Dark,3,907.45,0.0446793,1204.5,20.6622,3.52
2021-08-07,11:46:16,11:49:16,CO2,0.184,0.9,18.1,0.225,BE,6,Dark,3,907.45,0.0446793,1204.5,20.6622,3.52
2021-08-07,11:54:02,11:57:02,CH4,-0.018,0.81,18.05,-0.022,HE,6,Light,1,907.45,712.593,910.654,19.1885,3.52
2021-08-07,11:55:29,11:58:29,CO2,-0.155,0.84,18.37,-0.189,HE,6,Light,1,907.45,712.593,910.654,19.1885,3.52
2021-08-07,12:00:09,12:03:09,CO2,0.135,0.83,18.83,0.165,HE,6,Dark,1,907.45,0.067019,938.125,19.6068,3.52
2021-08-07,12:01:38,12:04:38,CH4,0.005,0.39,18.55,0.006,HE,6,Dark,1,907.45,0.067019,938.125,19.6068,3.52
2021-08-07,12:06:09,12:09:09,CH4,-0.005,0.4,17.54,-0.006,HE,6,Light,2,907.45,754.374,949.958,18.2584,0.5
2021-08-07,12:06:27,12:09:27,CO2,-0.09,0.84,17.54,-0.11,HE,6,Light,2,907.45,754.374,949.958,18.2584,0.5
2021-08-07,12:13:17,12:16:17,CO2,0.201,0.9,17.25,0.247,HE,6,Dark,2,907.45,0.0982945,738.399,18.8143,0.5
2021-08-07,12:13:17,12:16:17,CH4,-0.011,0.7,17.25,-0.013,HE,6,Dark,2,907.45,0.0982945,738.399,18.8143,0.5
2021-08-07,12:18:06,12:21:06,CO2,-0.199,0.94,17.65,-0.244,HE,6,Light,3,907.45,698.052,869.591,18.1284,0.5
2021-08-07,12:18:06,12:21:06,CH4,-0.009,0.73,17.65,-0.011,HE,6,Light,3,907.45,698.052,869.591,18.1284,0.5
2021-08-07,12:26:45,12:29:45,CO2,0.413,0.94,18.23,0.505,HE,6,Dark,3,907.45,0.0871247,810.159,19.168,0.5
2021-08-07,12:26:52,12:29:52,CH4,-0.021,0.77,18.27,-0.026,HE,6,Dark,3,907.45,0.0871247,810.159,19.168,0.5
2021-08-07,12:31:47,12:34:47,CH4,-0.016,0.88,19.26,-0.019,HE,7,Light,1,907.45,783.382,961.307,19.0518,0.5
2021-08-07,12:33:17,12:36:17,CO2,-0.154,0.87,19.23,-0.188,HE,7,Light,1,907.45,783.382,961.307,19.0518,0.5
2021-08-07,12:37:13,12:40:13,CO2,0.525,0.96,18.9,0.64,HE,7,Dark,1,907.45,0.0848907,880.609,20.4493,0.5
2021-08-07,12:37:13,12:40:13,CH4,-0.04,0.95,18.9,-0.049,HE,7,Dark,1,907.45,0.0848907,880.609,20.4493,0.5
2021-08-07,12:43:26,12:46:26,CH4,-0.028,0.99,19.86,-0.034,HE,7,Light,2,907.45,813.838,982.614,19.9105,0.5
2021-08-07,12:44:35,12:47:35,CO2,-0.183,0.99,20.34,-0.222,HE,7,Light,2,907.45,813.838,982.614,19.9105,0.5
2021-08-07,12:49:12,12:52:12,CH4,-0.038,0.93,20.75,-0.046,HE,7,Dark,2,907.45,0.145208,1133.06,22.1416,0.5
2021-08-07,12:49:16,12:52:16,CO2,0.462,0.92,20.76,0.56,HE,7,Dark,2,907.45,0.145208,1133.06,22.1416,0.5
2021-08-07,12:54:06,12:57:06,CH4,-0.023,0.95,20.62,-0.028,HE,7,Light,3,907.45,1036.33,1223.23,24.0035,0.5
2021-08-07,12:54:30,12:57:30,CO2,-0.076,0.95,20.64,-0.092,HE,7,Light,3,907.45,1036.33,1223.23,24.0035,0.5
2021-08-07,12:59:14,13:02:14,CH4,-0.023,0.96,20.91,-0.028,HE,7,Dark,3,907.45,0.0938266,1097.96,22.2856,0.5
2021-08-07,12:59:18,13:02:18,CO2,0.334,0.97,20.91,0.405,HE,7,Dark,3,907.45,0.0938266,1097.96,22.2856,0.5
2021-08-07,13:03:51,13:06:51,CH4,-0.031,0.94,19.8,-0.038,BE,7,Light,1,907.45,822.796,973.124,21.6508,0.5
2021-08-07,13:04:30,13:07:30,CO2,0.118,0.77,19.74,0.144,BE,7,Light,1,907.45,822.796,973.124,21.6508,0.5
2021-08-07,13:08:53,13:11:53,CH4,-0.031,0.95,18.61,-0.038,BE,7,Dark,1,907.45,0.0692529,578.896,20.9903,0.5
2021-08-07,13:09:09,13:12:09,CO2,0.413,0.96,18.57,0.504,BE,7,Dark,1,907.45,0.0692529,578.896,20.9903,1.51
2021-08-07,13:13:32,13:16:32,CO2,0.113,0.77,18.05,0.138,BE,7,Light,2,907.45,491.676,635.778,19.54,1.51
2021-08-07,13:13:32,13:16:32,CH4,-0.016,0.85,18.05,-0.02,BE,7,Light,2,907.45,491.676,635.778,19.54,1.51
2021-08-07,13:18:47,13:21:47,CH4,-0.014,0.84,18.85,-0.017,BE,7,Dark,2,907.45,0.0938266,1185.59,20.1693,1.51
2021-08-07,13:18:52,13:21:52,CO2,0.224,0.97,18.88,0.273,BE,7,Dark,2,907.45,0.0938266,1185.59,20.1693,1.51
2021-08-07,13:29:00,13:32:00,CO2,-0.08,0.94,18.78,-0.098,BE,7,Light,3,907.45,592.385,1005.78,19.2459,1.51
2021-08-07,13:29:37,13:32:37,CH4,-0.01,0.88,18.78,-0.012,BE,7,Light,3,907.45,592.385,1005.78,19.2459,1.51
2021-08-07,13:37:03,13:40:03,CO2,0.265,0.97,19.81,0.322,BE,7,Dark,3,907.45,0.0982945,628.6,22.7107,1.51
2021-08-07,13:37:47,13:40:47,CH4,-0.01,0.9,19.81,-0.012,BE,7,Dark,3,907.45,0.0982945,628.6,22.7107,1.51
2021-08-07,13:49:11,13:52:11,CH4,-0.027,0.97,19.01,-0.033,BE,8,Light,1,907.45,693.64,782.263,21.3019,1.51
2021-08-07,13:49:39,13:52:39,CO2,0.039,0.78,18.92,0.048,BE,8,Light,1,907.45,693.64,782.263,21.3019,1.51
2021-08-07,13:53:58,13:56:58,CH4,-0.024,0.94,17.52,-0.029,BE,8,Dark,1,907.45,0.0714869,527.558,19.6908,1.51
2021-08-07,13:55:02,13:58:02,CO2,0.209,0.98,17.4,0.256,BE,8,Dark,1,907.45,0.0714869,527.558,19.6908,1.51
2021-08-07,13:58:43,14:01:43,CO2,0.131,0.81,17.29,0.161,BE,8,Light,2,907.45,464.703,571.267,18.826,1.51
2021-08-07,13:58:45,14:01:45,CH4,-0.023,0.88,17.29,-0.028,BE,8,Light,2,907.45,464.703,571.267,18.826,1.51
2021-08-07,14:04:22,14:07:22,CH4,-0.035,0.99,16.79,-0.043,BE,8,Dark,2,907.45,0.109464,478.54,18.5178,1.51
2021-08-07,14:04:57,14:07:57,CO2,0.299,0.98,16.76,0.367,BE,8,Dark,2,907.45,0.109464,478.54,18.5178,1.51
2021-08-07,14:09:31,14:12:31,CO2,0.168,0.97,16.52,0.207,BE,8,Light,3,907.45,332.935,417.093,17.3848,1.51
2021-08-07,14:09:31,14:12:31,CH4,-0.032,0.98,16.52,-0.039,BE,8,Light,3,907.45,332.935,417.093,17.3848,1.51
2021-08-07,14:16:57,14:19:57,CO2,0.186,0.97,16.07,0.229,BE,8,Dark,3,907.45,0.0379774,364.141,17.0477,1.51
2021-08-07,14:17:08,14:20:08,CH4,-0.017,0.94,16.07,-0.021,BE,8,Dark,3,907.45,0.0379774,364.141,17.0477,3.02
2021-08-07,14:28:51,14:31:51,CO2,-0.141,0.56,16.51,-0.173,HE,8,Light,1,907.45,313.935,398.906,16.8556,3.02
2021-08-07,14:29:08,14:32:08,CH4,-0.026,0.94,16.53,-0.032,HE,8,Light,1,907.45,313.935,398.906,16.8556,3.02
2021-08-07,14:33:41,14:36:41,CH4,-0.032,0.9,16.52,-0.039,HE,8,Dark,1,907.45,0.102762,420.745,16.931,3.02
2021-08-07,14:33:55,14:36:55,CO2,0.312,0.94,16.55,0.384,HE,8,Dark,1,907.45,0.102762,420.745,16.931,3.02
2021-08-07,14:37:43,14:40:43,CO2,-0.203,0.64,17.07,-0.249,HE,8,Light,2,907.45,411.794,564.099,16.8698,3.02
2021-08-07,14:38:46,14:41:46,CH4,-0.029,0.84,17.15,-0.036,HE,8,Light,2,907.45,411.794,564.099,16.8698,3.02
2021-08-07,14:48:48,14:51:48,CO2,0.147,0.75,22.18,0.177,HE,8,Dark,2,907.45,0.067019,1261.58,21.0761,3.02
2021-08-07,14:48:48,14:51:48,CH4,-0.015,0.61,22.18,-0.018,HE,8,Dark,2,907.45,0.067019,1261.58,21.0761,3.02
2021-08-07,14:54:14,14:57:14,CO2,-0.335,0.99,20.77,-0.406,HE,8,Light,3,907.45,473.187,556.928,20.3152,3.02
2021-08-07,14:55:10,14:58:10,CH4,-0.03,0.96,20.6,-0.036,HE,8,Light,3,907.45,473.187,556.928,20.3152,3.02
2021-08-07,14:59:57,15:02:57,CO2,0.388,0.99,21.7,0.469,HE,8,Dark,3,907.45,0.0804228,976.645,21.0058,3.02
2021-08-07,14:59:57,15:02:57,CH4,-0.027,0.98,21.7,-0.033,HE,8,Dark,3,907.45,0.0804228,976.645,21.0058,3.02
2022-07-29,8:58:23,9:01:23,CH4,-0.053,0.99,9.33,-0.066,BC,1,Light,1,909.25,1281.7,1355.38,7.92,1.51
2022-07-29,8:59:05,9:02:05,CO2,0.049,0.92,9.33,0.061,BC,1,Light,1,909.25,1281.7,1355.38,7.92,1.51
2022-07-29,9:04:00,9:07:00,CH4,-0.05,0.92,8.12,-0.062,BC,1,Dark,1,909.25,0.0268,1368.35,9.114,2.52
2022-07-29,9:05:28,9:08:28,CO2,0.066,0.96,7.52,0.082,BC,1,Dark,1,909.25,0.0268,1368.35,9.114,2.52
2022-07-29,9:09:13,9:12:13,CO2,0.069,0.94,9.91,0.085,BC,1,Light,2,909.25,1281.7,1355.38,9.114,2.52
2022-07-29,9:10:04,9:13:04,CH4,-0.048,0.99,9.91,-0.059,BC,1,Light,2,909.25,1281.7,1355.38,9.114,2.52
2022-07-29,9:14:25,9:17:25,CH4,-0.113,1,8.07,-0.14,BC,1,Dark,2,909.25,0,1393.62,9.114,2.52
2022-07-29,9:14:37,9:17:37,CO2,0.105,0.98,8.07,0.13,BC,1,Dark,2,909.25,0,1393.62,9.114,2.52
2022-07-29,9:19:02,9:22:02,CO2,0.093,0.69,9.91,0.115,BC,1,Light,3,906.85,1338.69,1420.52,9.114,2.52
2022-07-29,9:19:27,9:22:27,CH4,-0.063,0.99,9.91,-0.078,BC,1,Light,3,909.25,1338.69,1420.52,9.114,2.52
2022-07-29,9:24:08,9:27:08,CH4,-0.074,0.98,8.07,-0.092,BC,1,Dark,3,909.25,0,1421.55,9.114,2.52
2022-07-29,9:24:17,9:27:17,CO2,0.09,0.96,8.07,0.112,BC,1,Dark,3,906.85,0,1421.55,9.114,2.52
2022-07-29,9:30:22,9:33:22,CO2,-0.054,0.89,9.91,-0.067,HC,1,Light,1,909.25,820.111,1461.16,9.114,2.52
2022-07-29,9:31:09,9:34:09,CH4,-0.056,0.99,9.91,-0.069,HC,1,Light,1,909.25,820.111,1461.16,9.114,2.52
2022-07-29,9:36:13,9:39:13,CH4,-0.03,0.96,8.07,-0.037,HC,1,Dark,1,909.25,0,1478.3,9.114,2.52
2022-07-29,9:36:49,9:39:49,CO2,0.128,0.96,8.07,0.159,HC,1,Dark,1,909.25,0,1478.3,9.114,2.52
2022-07-29,9:41:13,9:44:13,CO2,-0.031,0.76,9.91,-0.038,HC,1,Light,2,909.25,947.657,1492.27,9.114,2.52
2022-07-29,9:42:07,9:45:07,CH4,-0.021,0.97,9.91,-0.026,HC,1,Light,2,909.25,947.657,1492.27,9.114,2.52
2022-07-29,9:46:18,9:49:18,CH4,-0.029,0.96,8.07,-0.036,HC,1,Dark,2,909.25,0,1512.51,9.114,2.52
2022-07-29,9:46:43,9:49:43,CO2,0.115,0.96,8.07,0.143,HC,1,Dark,2,909.25,0,1512.51,9.114,2.52
2022-07-29,9:50:58,9:53:58,CO2,-0.039,0.89,9.91,-0.048,HC,1,Light,3,906.85,829.392,1528.81,9.114,2.52
2022-07-29,9:51:48,9:54:48,CH4,-0.03,0.98,9.91,-0.037,HC,1,Light,3,909.25,829.392,1528.81,9.114,2.52
2022-07-29,9:56:08,9:59:08,CH4,-0.035,0.98,8.31,-0.043,HC,1,Dark,3,909.25,0,1579.41,9.114,2.52
2022-07-29,9:56:30,9:59:30,CO2,0.138,0.97,8.08,0.171,HC,1,Dark,3,906.85,0,1579.41,9.114,2.52
2022-07-29,10:22:10,10:25:17,CO2,0.11,0.89,11.25,0.135,BC,2,Light,1,909.15,1200.46,1568.07,9.485,2.01
2022-07-29,10:23:00,10:26:07,CH4,-0.055,0.99,11.25,-0.068,BC,2,Light,1,909.15,1200.46,1568.07,9.485,2.01
2022-07-29,10:27:21,10:30:21,CH4,-0.055,0.99,9.31,-0.068,BC,2,Dark,1,909.15,0,1571.39,9.485,2.01
2022-07-29,10:27:30,10:30:30,CO2,0.12,0.98,9.31,0.148,BC,2,Dark,1,909.15,0,1571.39,9.485,2.01
2022-07-29,10:32:12,10:35:12,CH4,-0.051,0.99,11.25,-0.063,BC,2,Light,2,909.15,1130.3,1586.54,9.485,2.01
2022-07-29,10:33:25,10:36:25,CO2,0.107,0.99,11.25,0.131,BC,2,Light,2,909.15,1130.3,1586.54,9.485,2.01
2022-07-29,10:37:17,10:40:17,CH4,-0.074,0.99,9.31,-0.092,BC,2,Dark,2,909.15,0,1579.76,9.485,2.01
2022-07-29,10:37:32,10:40:32,CO2,0.174,0.97,9.31,0.215,BC,2,Dark,2,909.15,0,1579.76,9.485,2.01
2022-07-29,10:42:31,10:45:31,CH4,-0.053,0.99,11.25,-0.065,BC,2,Light,3,909.15,1192.62,1579.51,9.485,2.01
2022-07-29,10:42:49,10:45:49,CO2,0.126,0.99,11.25,0.155,BC,2,Light,3,909.15,1192.62,1579.51,9.485,2.01
2022-07-29,10:47:39,10:50:39,CO2,0.136,0.99,9.31,0.168,BC,2,Dark,3,909.15,0,1586.38,9.485,2.01
2022-07-29,10:48:38,10:51:38,CH4,-0.038,0.99,9.31,-0.047,BC,2,Dark,3,909.15,0,1586.38,9.485,2.01
2022-07-29,10:52:35,10:55:35,CO2,-0.147,0.98,11.25,-0.181,HC,2,Light,1,909.35,1413.38,1594.84,9.485,2.01
2022-07-29,10:53:24,10:56:24,CH4,-0.002,0.19,11.25,-0.002,HC,2,Light,1,909.35,1413.38,1594.84,9.485,2.01
2022-07-29,10:58:58,11:01:58,CO2,0.039,0.65,9.31,0.048,HC,2,Dark,1,909.35,0,1591.59,9.485,2.01
2022-07-29,10:59:19,11:02:19,CH4,0.003,0.5,9.51,0.004,HC,2,Dark,1,909.35,0,1591.59,9.485,2.01
2022-07-29,11:03:11,11:06:11,CH4,-0.004,0.46,11.35,-0.005,HC,2,Light,2,909.35,1466.6,1596.47,9.485,2.01
2022-07-29,11:03:31,11:06:31,CO2,-0.151,0.96,11.39,-0.185,HC,2,Light,2,909.35,1466.6,1596.47,9.485,2.01
2022-07-29,11:07:50,11:10:50,CH4,-0.002,0.17,9.69,-0.002,HC,2,Dark,2,909.15,0,1600.72,10.198,1.51
2022-07-29,11:08:22,11:11:22,CO2,0.073,0.8,9.69,0.09,HC,2,Dark,2,909.15,0,1600.72,10.198,1.51
2022-07-29,11:13:43,11:16:43,CH4,0.004,0.57,11.66,0.005,HC,2,Light,3,909.15,1370.22,1555.42,10.198,1.51
2022-07-29,11:14:13,11:17:13,CO2,-0.185,0.99,11.66,-0.227,HC,2,Light,3,909.15,1370.22,1555.42,10.198,1.51
2022-07-29,11:19:47,11:22:47,CO2,0.061,0.8,9.69,0.075,HC,2,Dark,3,909.15,0,1550.07,10.198,1.51
2022-07-29,11:21:17,11:24:17,CH4,-0.001,0.1,9.69,-0.001,HC,2,Dark,3,909.15,0,1550.07,10.198,1.51
2022-07-29,11:36:53,11:39:53,CO2,-0.063,0.94,11.62,-0.077,HC,3,Light,1,909.35,1238.54,1638.56,10.198,1.51
2022-07-29,11:37:45,11:40:45,CH4,-0.016,0.8,11.62,-0.02,HC,3,Light,1,909.35,1238.54,1638.56,10.198,1.51
2022-07-29,11:42:25,11:45:25,CH4,-0.014,0.94,9.69,-0.017,HC,3,Dark,1,909.35,0.232356,1542.01,10.198,1.51
2022-07-29,11:42:41,11:45:41,CO2,0.151,0.88,9.69,0.187,HC,3,Dark,1,909.35,0.232356,1542.01,10.198,1.51
2022-07-29,11:47:17,11:50:17,CH4,-0.012,0.9,11.62,-0.015,HC,3,Light,2,909.35,1271.95,1596.37,10.198,1.51
2022-07-29,11:47:22,11:50:22,CO2,-0.071,0.9,11.62,-0.087,HC,3,Light,2,909.35,1271.95,1596.37,10.198,1.51
2022-07-29,11:52:52,11:55:52,CH4,-0.023,0.97,9.69,-0.028,HC,3,Dark,2,909.35,0,1596.37,10.198,1.51
2022-07-29,11:52:55,11:55:55,CO2,0.216,0.98,9.69,0.267,HC,3,Dark,2,909.35,0,1596.37,10.198,1.51
2022-07-29,11:57:08,12:00:08,CO2,-0.077,0.96,11.62,-0.095,HC,3,Light,3,909.35,1259.78,1562.24,10.198,1.51
2022-07-29,11:58:01,12:01:01,CH4,-0.01,0.92,11.62,-0.012,HC,3,Light,3,909.35,1259.78,1562.24,10.198,1.51
2022-07-29,12:02:37,12:05:37,CH4,-0.009,0.86,9.74,-0.011,HC,3,Dark,3,909.35,0.0580891,1556.94,10.198,1.51
2022-07-29,12:02:50,12:05:51,CO2,0.226,0.63,9.79,0.279,HC,3,Dark,3,909.35,0.0580891,1556.94,10.198,1.51
2022-07-29,12:11:43,12:14:43,CO2,0.058,0.97,12.42,0.071,BC,3,Light,1,909.35,757.16,1466.46,11.613,1.51
2022-07-29,12:11:43,12:14:43,CH4,-0.059,0.99,12.42,-0.072,BC,3,Light,1,909.35,757.16,1466.46,11.613,1.51
2022-07-29,12:16:05,12:19:05,CH4,-0.076,0.97,10.43,-0.094,BC,3,Dark,1,909.35,0,1438.89,11.613,1.51
2022-07-29,12:16:18,12:19:18,CO2,0.088,0.94,10.43,0.108,BC,3,Dark,1,909.35,0,1438.89,11.613,1.51
2022-07-29,12:23:14,12:26:14,CO2,0.084,0.99,12.42,0.103,BC,3,Light,2,909.35,909.13,1464.31,11.613,1.51
2022-07-29,12:23:14,12:26:14,CH4,-0.088,1,12.42,-0.108,BC,3,Light,2,909.35,909.13,1464.31,11.613,1.51
2022-07-29,12:27:20,12:30:20,CO2,0.057,0.95,10.43,0.07,BC,3,Dark,2,909.35,0.0625575,1465.17,11.613,1.51
2022-07-29,12:27:40,12:30:40,CH4,-0.047,0.98,10.43,-0.058,BC,3,Dark,2,909.35,0.0625575,1465.17,11.613,1.51
2022-07-29,12:33:19,12:36:19,CO2,0.069,0.98,12.42,0.084,BC,3,Light,3,909.35,924.908,1456.99,11.613,1.51
2022-07-29,12:33:19,12:36:19,CH4,-0.08,1,12.42,-0.098,BC,3,Light,3,909.35,924.908,1456.99,11.613,1.51
2022-07-29,12:37:32,12:40:32,CO2,0.086,0.98,10.43,0.106,BC,3,Dark,3,909.35,0,1441.5,11.613,1.51
2022-07-29,12:38:24,12:41:24,CH4,-0.072,1,10.43,-0.089,BC,3,Dark,3,909.35,0,1441.5,11.613,1.51
2022-07-29,12:46:58,12:49:58,CH4,-0.008,0.77,12.45,-0.01,BC,4,Light,1,909.15,1002.95,1658.51,11.613,1.51
2022-07-29,12:47:28,12:50:28,CO2,0.046,0.93,12.45,0.056,BC,4,Light,1,909.15,1002.95,1658.51,11.613,1.51
2022-07-29,12:53:32,12:56:32,CH4,-0.009,0.87,10.43,-0.011,BC,4,Dark,1,909.15,0.0491523,1643.12,11.613,1.51
2022-07-29,12:53:37,12:56:37,CO2,0.068,0.97,10.43,0.084,BC,4,Dark,1,909.15,0.0491523,1643.12,11.613,1.51
2022-07-29,12:58:41,13:01:41,CO2,0.064,0.97,12.45,0.078,BC,4,Light,2,909.15,1061.07,1634.39,11.613,1.51
2022-07-29,12:58:56,13:01:56,CH4,-0.01,0.92,12.45,-0.012,BC,4,Light,2,909.15,1061.07,1634.39,11.613,1.51
2022-07-29,13:03:35,13:06:35,CH4,-0.006,0.71,10.99,-0.007,BC,4,Dark,2,909.35,0,1625.51,11.613,1.51
2022-07-29,13:04:20,13:07:20,CO2,0.074,0.97,11.36,0.091,BC,4,Dark,2,909.35,0,1625.51,12.122,1.51
2022-07-29,13:09:14,13:12:14,CH4,-0.012,0.91,14.03,-0.015,BC,4,Light,3,909.35,1099.15,1610.07,12.122,1.51
2022-07-29,13:09:22,13:12:22,CO2,0.062,0.96,14.03,0.075,BC,4,Light,3,909.35,1099.15,1610.07,12.122,1.51
2022-07-29,13:14:00,13:17:00,CH4,-0.014,0.92,11.9,-0.017,BC,4,Dark,3,909.35,0,1602.07,12.122,1.51
2022-07-29,13:14:34,13:17:34,CO2,0.088,0.96,11.9,0.108,BC,4,Dark,3,909.35,0,1602.07,12.122,1.51
2022-07-29,13:18:52,13:21:52,CO2,-0.068,0.91,14.03,-0.083,HC,4,Light,1,909.15,901.034,1603.95,12.122,1.51
2022-07-29,13:19:43,13:22:43,CH4,0.003,0.42,14.03,0.004,HC,4,Light,1,909.15,901.034,1603.95,12.122,1.51
2022-07-29,13:26:27,13:29:27,CO2,0.108,0.75,12.15,0.132,HC,4,Dark,1,909.15,0.0178736,1580.95,12.122,1.51
2022-07-29,13:26:27,13:29:27,CH4,-0.001,0.11,12.15,-0.001,HC,4,Dark,1,909.15,0.0178736,1580.95,12.122,1.51
2022-07-29,13:33:56,13:36:56,CH4,0.001,0.17,14.03,0.001,HC,4,Light,2,909.15,983.931,1563.68,12.122,1.51
2022-07-29,13:34:42,13:37:42,CO2,-0.061,0.93,14.03,-0.074,HC,4,Light,2,909.15,983.931,1563.68,12.122,1.51
2022-07-29,13:47:29,13:50:29,CO2,0.106,0.93,11.9,0.13,HC,4,Dark,2,909.15,0.0804311,1532.87,12.122,1.51
2022-07-29,13:48:16,13:51:16,CH4,-0.002,0.33,12.31,-0.002,HC,4,Dark,2,909.15,0.0804311,1532.87,12.122,1.51
2022-07-29,13:50:51,13:53:51,CO2,-0.077,0.87,14.03,-0.094,HC,4,Light,3,909.15,983.931,1563.68,12.122,1.51
2022-07-29,13:50:59,13:53:59,CH4,0.003,0.51,14.03,0.004,HC,4,Light,3,909.15,983.931,1563.68,12.122,1.51
2022-07-29,13:57:11,14:00:11,CO2,0.093,0.89,11.9,0.114,HC,4,Dark,3,909.15,0,1516.34,12.122,1.51
2022-07-29,13:57:20,14:00:20,CH4,-0.001,0.17,11.9,-0.001,HC,4,Dark,3,909.15,0,1516.34,12.122,1.51
2022-07-29,14:11:30,14:14:12,CO2,0.05,0.19,14.6,0.061,BC,5,Light,1,908.95,889,1266.11,12.219,2.01
2022-07-29,14:11:30,14:14:12,CH4,-0.002,0.3,14.6,-0.002,BC,5,Light,1,908.95,889,1266.11,12.219,2.01
2022-07-29,14:16:45,14:19:27,CH4,-0.008,0.74,12.43,-0.01,BC,5,Dark,1,908.95,0,1255.14,12.219,2.01
2022-07-29,14:17:27,14:20:09,CO2,0.067,0.91,12.43,0.082,BC,5,Dark,1,908.95,0,1255.14,12.219,2.01
2022-07-29,14:21:50,14:24:32,CH4,-0.006,0.61,14.6,-0.007,BC,5,Light,2,908.95,871.18,1245.8,12.219,2.01
2022-07-29,14:21:53,14:24:35,CO2,0.042,0.72,14.6,0.051,BC,5,Light,2,908.95,871.18,1245.8,12.219,2.01
2022-07-29,14:28:21,14:31:03,CO2,0.096,0.86,12.43,0.117,BC,5,Dark,2,908.95,0,1233.8,12.219,2.01
2022-07-29,14:28:26,14:31:08,CH4,-0.007,0.65,12.43,-0.009,BC,5,Dark,2,908.95,0,1233.8,12.219,2.01
2022-07-29,14:32:06,14:34:48,CO2,0.102,0.92,14.6,0.124,BC,5,Light,3,908.95,810.414,1225.38,12.219,2.01
2022-07-29,14:32:06,14:34:48,CH4,-0.016,0.88,14.6,-0.019,BC,5,Light,3,908.95,810.414,1225.38,12.219,2.01
2022-07-29,14:37:06,14:39:48,CO2,0.125,0.93,12.43,0.153,BC,5,Dark,3,908.95,0.00446839,1215.3,12.219,2.01
2022-07-29,14:37:09,14:39:51,CH4,-0.007,0.8,12.43,-0.009,BC,5,Dark,3,908.95,0.00446839,1215.3,12.219,2.01
2022-07-29,14:43:01,14:46:01,CO2,-0.028,0.36,14.6,-0.034,HC,5,Light,1,908.95,736.842,1197.76,12.219,2.01
2022-07-29,14:43:28,14:46:28,CH4,0.001,0.11,14.6,0.001,HC,5,Light,1,908.95,736.842,1197.76,12.219,2.01
2022-07-29,14:49:42,14:52:42,CO2,0.029,0.82,12.43,0.035,HC,5,Dark,1,908.95,0.178736,1187.56,12.219,2.01
2022-07-29,14:50:57,14:53:57,CH4,-0.002,0.27,13.11,-0.002,HC,5,Dark,1,908.95,0.178736,1187.56,12.219,2.01
2022-07-29,14:54:05,14:57:05,CH4,0.001,0.12,14.6,0.001,HC,5,Light,2,908.95,665.799,1169.57,12.219,2.01
2022-07-29,14:54:11,14:57:11,CO2,-0.044,0.88,14.6,-0.053,HC,5,Light,2,908.95,665.799,1169.57,12.219,2.01
2022-07-29,14:58:57,15:01:57,CO2,0.021,0.43,12.43,0.026,HC,5,Dark,2,908.95,0.0759627,1152.93,12.219,2.01
2022-07-29,15:00:08,15:03:08,CH4,-0.002,0.32,13.26,-0.002,HC,5,Dark,2,908.95,0.0759627,1152.93,12.219,2.01
2022-07-29,15:02:37,15:05:37,CH4,0.001,0.09,14.61,0.001,HC,5,Light,3,908.95,693.87,1151.58,12.219,2.01
2022-07-29,15:03:37,15:06:37,CO2,-0.027,0.54,14.64,-0.033,HC,5,Light,3,908.95,693.87,1151.58,12.219,2.01
2022-07-29,15:09:11,15:12:11,CH4,-0.003,0.31,12.77,-0.004,HC,5,Dark,3,908.95,0.0670259,1136.03,12.147,3.52
2022-07-29,15:10:39,15:13:39,CO2,0.025,0.63,12.53,0.031,HC,5,Dark,3,908.95,0.0670259,1136.03,12.147,3.52
2022-07-30,9:17:33,9:20:33,CO2,0.047,0.89,12.78,0.057,BC,6,Light,1,902.95,789.538,1364.93,11.053,1.51
2022-07-30,9:17:53,9:20:53,CH4,-0.031,0.96,12.78,-0.038,BC,6,Light,1,902.95,789.538,1364.93,11.053,1.51
2022-07-30,9:23:11,9:26:11,CO2,0.036,0.79,10.74,0.044,BC,6,Dark,1,902.95,0.0804311,1379.38,11.053,1.51
2022-07-30,9:24:01,9:27:01,CH4,-0.018,0.86,10.74,-0.022,BC,6,Dark,1,902.95,0.0804311,1379.38,11.053,1.51
2022-07-30,9:28:27,9:31:27,CO2,0.048,0.9,12.78,0.059,BC,6,Light,2,902.95,874.616,1389.8,11.053,1.51
2022-07-30,9:29:19,9:32:19,CH4,-0.025,0.94,12.78,-0.03,BC,6,Light,2,895.75,874.616,1389.8,11.053,1.51
2022-07-30,9:33:06,9:36:06,CH4,-0.042,0.97,10.74,-0.052,BC,6,Dark,2,895.75,0,1404.21,11.053,1.51
2022-07-30,9:33:16,9:36:16,CO2,0.051,0.89,10.74,0.063,BC,6,Dark,2,902.95,0,1404.21,11.053,1.51
2022-07-30,9:39:23,9:42:23,CH4,-0.065,0.99,12.78,-0.079,BC,6,Light,3,902.95,874.616,1389.8,11.053,1.51
2022-07-30,9:39:48,9:42:48,CO2,0.067,0.96,12.78,0.082,BC,6,Light,3,902.95,874.616,1389.8,11.053,1.51
2022-07-30,9:44:31,9:47:31,CO2,0.05,0.92,10.74,0.061,BC,6,Dark,3,902.95,0,1426.95,11.053,1.51
2022-07-30,9:44:37,9:47:37,CH4,-0.043,0.98,10.74,-0.053,BC,6,Dark,3,902.95,0,1426.95,11.053,1.51
2022-07-30,9:51:59,9:54:59,CH4,0.001,0.11,12.78,0.001,HC,6,Light,1,895.75,1119.76,1369.16,11.053,1.51
2022-07-30,9:52:02,9:55:02,CO2,-0.036,0.86,12.78,-0.044,HC,6,Light,1,902.95,1119.76,1369.16,11.053,1.51
2022-07-30,9:58:52,10:01:52,CO2,0.057,0.91,10.74,0.07,HC,6,Dark,1,902.95,0,1381.13,11.053,1.51
2022-07-30,9:58:52,10:01:52,CH4,0.008,0.59,10.74,0.01,HC,6,Dark,1,895.75,0,1381.13,11.053,1.51
2022-07-30,10:03:59,10:06:59,CO2,-0.028,0.8,13.1,-0.034,HC,6,Light,2,902.95,1150.61,1390.35,11.053,1.51
2022-07-30,10:04:14,10:07:14,CH4,0.007,0.79,13.16,0.009,HC,6,Light,2,905.85,1150.61,1390.35,11.053,1.51
2022-07-30,10:20:43,10:23:43,CH4,-0.007,0.66,11.32,-0.009,HC,6,Dark,2,905.85,0,1425.92,11.492,2.52
2022-07-30,10:20:58,10:23:58,CO2,0.071,0.96,11.32,0.087,HC,6,Dark,2,902.95,0,1425.92,11.492,2.52
2022-07-30,10:25:16,10:28:16,CO2,-0.042,0.91,13.41,-0.051,HC,6,Light,3,902.95,1145.11,1435.86,11.492,2.52
2022-07-30,10:26:30,10:29:30,CH4,-0.006,0.74,13.41,-0.007,HC,6,Light,3,905.85,1145.11,1435.86,11.492,2.52
2022-07-30,10:31:56,10:34:56,CO2,0.072,0.95,11.32,0.088,HC,6,Dark,3,902.95,0,1449.37,11.492,2.52
2022-07-30,10:33:02,10:36:02,CH4,-0.002,0.14,11.32,-0.002,HC,6,Dark,3,905.85,0,1449.37,11.492,2.52
2022-07-30,10:40:57,10:43:57,CO2,-0.03,0.8,13.41,-0.037,HC,7,Light,1,905.85,736.717,1457.45,11.492,2.52
2022-07-30,10:41:32,10:44:32,CH4,-0.009,0.85,13.41,-0.011,HC,7,Light,1,905.85,736.717,1457.45,11.492,2.52
2022-07-30,10:45:30,10:48:30,CH4,-0.017,0.94,11.32,-0.021,HC,7,Dark,1,905.85,0,1464.28,11.492,2.52
2022-07-30,10:45:58,10:48:58,CO2,0.162,0.98,11.32,0.199,HC,7,Dark,1,905.85,0,1464.28,11.492,2.52
2022-07-30,10:50:04,10:53:04,CH4,-0.023,0.87,13.41,-0.028,HC,7,Light,2,905.85,782.237,1467,11.492,2.52
2022-07-30,10:50:42,10:53:42,CO2,-0.071,0.95,13.41,-0.086,HC,7,Light,2,905.85,782.237,1467,11.492,2.52
2022-07-30,10:55:12,10:58:12,CH4,-0.036,0.94,11.32,-0.044,HC,7,Dark,2,905.85,0,1477.09,11.492,2.52
2022-07-30,10:55:15,10:58:15,CO2,0.185,0.94,11.32,0.227,HC,7,Dark,2,905.85,0,1477.09,11.492,2.52
2022-07-30,11:01:01,11:04:01,CO2,-0.054,0.92,13.41,-0.066,HC,7,Light,3,905.85,805.535,1484.69,11.492,2.52
2022-07-30,11:01:54,11:04:54,CH4,-0.04,0.99,13.41,-0.049,HC,7,Light,3,905.85,805.535,1484.69,11.492,2.52
2022-07-30,11:05:57,11:08:57,CH4,-0.034,0.97,11.78,-0.042,HC,7,Dark,3,905.85,0,1490.7,12.751,2.01
2022-07-30,11:06:31,11:09:31,CO2,0.219,0.97,11.78,0.268,HC,7,Dark,3,905.85,0,1490.7,12.751,2.01
2022-07-30,11:11:49,11:14:49,CO2,0.023,0.84,13.9,0.028,Black_Crust,1,Light,1,906.05,978.01,1497.41,12.751,2.01
2022-07-30,11:11:52,11:14:52,CH4,-0.017,0.95,13.9,-0.021,Black_Crust,1,Light,1,906.05,978.01,1497.41,12.751,2.01
2022-07-30,11:18:02,11:21:02,CH4,-0.027,0.92,12.07,-0.033,Black_Crust,1,Dark,1,906.05,0.022342,1504.09,12.751,2.01
2022-07-30,11:18:32,11:21:32,CO2,0.035,0.82,11.78,0.043,Black_Crust,1,Dark,1,906.05,0.022342,1504.09,12.751,2.01
2022-07-30,11:26:09,11:29:09,CH4,-0.034,0.97,13.9,-0.041,BC,7,Light,1,906.05,1083.82,1483.13,12.751,2.01
2022-07-30,11:26:58,11:29:58,CO2,0.054,0.95,13.9,0.066,BC,7,Light,1,906.05,1083.82,1483.13,12.751,2.01
2022-07-30,11:31:58,11:34:58,CO2,0.04,0.9,11.78,0.049,BC,7,Dark,1,906.05,0.0312787,1484.25,12.751,2.01
2022-07-30,11:32:01,11:35:01,CH4,-0.021,0.95,11.78,-0.026,BC,7,Dark,1,906.05,0.0312787,1484.25,12.751,2.01
2022-07-30,11:38:26,11:41:26,CO2,0.057,0.96,13.9,0.069,BC,7,Light,2,906.05,1189.96,1487.01,12.751,2.01
2022-07-30,11:38:46,11:41:46,CH4,-0.027,0.98,13.75,-0.033,BC,7,Light,2,906.05,1189.96,1487.01,12.751,2.01
2022-07-30,11:43:14,11:46:14,CO2,0.057,0.96,11.78,0.07,BC,7,Dark,2,906.05,0.0268104,1487.38,12.751,2.01
2022-07-30,11:43:22,11:46:22,CH4,-0.037,0.99,11.78,-0.045,BC,7,Dark,2,906.05,0.0268104,1487.38,12.751,2.01
2022-07-30,11:50:21,11:53:21,CO2,0.055,0.96,13.9,0.067,BC,7,Light,3,906.05,1183.22,1486.39,12.751,2.01
2022-07-30,11:50:25,11:53:25,CH4,-0.03,0.98,13.9,-0.036,BC,7,Light,3,906.05,1183.22,1486.39,12.751,2.01
2022-07-30,11:54:29,11:57:29,CO2,0.059,0.96,11.78,0.072,BC,7,Dark,3,906.05,0.0625575,1488.7,12.751,2.01
2022-07-30,11:55:00,11:58:00,CH4,-0.036,0.99,11.78,-0.044,BC,7,Dark,3,906.05,0.0625575,1488.7,12.751,2.01
2022-07-30,12:07:20,12:10:20,CH4,-0.051,0.98,15.3,-0.062,BC,8,Light,1,906.15,1298.16,1353.77,13.281,2.01
2022-07-30,12:07:26,12:10:26,CO2,0.026,0.59,15.3,0.031,BC,8,Light,1,906.15,1298.16,1353.77,13.281,2.01
2022-07-30,12:13:22,12:16:22,CO2,0.043,0.67,13.08,0.052,BC,8,Dark,1,906.15,0,1353.62,13.281,2.01
2022-07-30,12:13:25,12:16:25,CH4,-0.06,0.97,13.08,-0.073,BC,8,Dark,1,906.15,0,1353.62,13.281,2.01
2022-07-30,12:20:01,12:23:01,CO2,0.031,0.75,15.3,0.037,BC,8,Light,2,906.15,1250.31,1350.18,13.281,2.01
2022-07-30,12:20:03,12:23:03,CH4,-0.075,0.96,15.3,-0.091,BC,8,Light,2,906.15,1250.31,1350.18,13.281,2.01
2022-07-30,12:26:22,12:29:22,CH4,-0.072,0.99,13.08,-0.088,BC,8,Dark,2,906.15,0,1348.74,13.281,2.01
2022-07-30,12:26:27,12:29:27,CO2,0.055,0.94,13.08,0.067,BC,8,Dark,2,906.15,0,1348.74,13.281,2.01
2022-07-30,12:32:21,12:35:21,CO2,0.034,0.9,15.3,0.041,BC,8,Light,3,906.15,1239.38,1337.96,13.281,2.01
2022-07-30,12:32:32,12:35:32,CH4,-0.076,0.99,15.3,-0.092,BC,8,Light,3,906.15,1239.38,1337.96,13.281,2.01
2022-07-30,12:38:13,12:41:13,CH4,-0.067,0.97,13.08,-0.082,BC,8,Dark,3,906.15,0.0134052,1335.57,13.281,2.01
2022-07-30,12:38:34,12:41:34,CO2,0.058,0.95,13.08,0.071,BC,8,Dark,3,906.15,0.0134052,1335.57,13.281,2.01
2022-07-30,12:44:44,12:47:44,CH4,-0.021,0.86,15.3,-0.025,HC,8,Light,1,906.15,1232.45,1468.04,13.281,2.01
2022-07-30,12:44:54,12:47:54,CO2,-0.035,0.75,15.3,-0.042,HC,8,Light,1,906.15,1232.45,1468.04,13.281,2.01
2022-07-30,12:52:17,12:55:17,CH4,0.009,0.86,13.08,0.011,HC,8,Dark,1,906.15,0.0402155,1458.06,13.281,2.01
2022-07-30,12:52:37,12:55:37,CO2,0.035,0.91,13.08,0.043,HC,8,Dark,1,906.15,0.0402155,1458.06,13.281,2.01
2022-07-30,12:57:26,13:00:26,CH4,-0.02,0.98,15.3,-0.024,HC,8,Light,2,906.15,1144.1,1442.84,13.281,2.01
2022-07-30,12:57:27,13:00:27,CO2,-0.06,0.95,15.3,-0.073,HC,8,Light,2,906.15,1144.1,1442.84,13.281,2.01
2022-07-30,13:02:25,13:04:10,CH4,-0.035,0.89,13.08,-0.043,HC,8,Dark,2,906.15,0,1427.85,13.281,2.01
2022-07-30,13:02:51,13:04:36,CO2,0.153,0.96,13.08,0.186,HC,8,Dark,2,906.15,0,1427.85,13.281,2.01
2022-07-30,13:07:12,13:10:12,CO2,-0.081,0.95,15.89,-0.098,HC,8,Light,3,906.65,1139.6,1418.99,13.377,3.02
2022-07-30,13:07:17,13:10:17,CH4,-0.014,0.93,15.89,-0.017,HC,8,Light,3,906.65,1139.6,1418.99,13.377,3.02
2022-07-30,13:12:10,13:15:10,CH4,-0.01,0.61,13.63,-0.012,HC,8,Dark,3,906.65,0.0580891,1399.88,13.377,3.02
2022-07-30,13:12:29,13:15:29,CO2,0.086,0.84,13.63,0.105,HC,8,Dark,3,906.65,0.0580891,1399.88,13.377,3.02
2022-07-30,13:26:21,13:29:21,CO2,-0.025,0.52,15.89,-0.03,HC,9,Light,1,906.65,1324.82,1253.09,13.377,3.02
2022-07-30,13:27:33,13:30:33,CH4,0.007,0.83,15.89,0.008,HC,9,Light,1,906.65,1324.82,1253.09,13.377,3.02
2022-07-30,13:31:12,13:34:12,CH4,-0.005,0.62,13.94,-0.006,HC,9,Dark,1,906.65,0.0625575,1250.69,13.377,3.02
2022-07-30,13:32:42,13:35:42,CO2,0.045,0.79,13.81,0.055,HC,9,Dark,1,906.65,0.0625575,1250.69,13.377,3.02
2022-07-30,13:37:56,13:40:56,CO2,-0.053,0.89,15.89,-0.064,HC,9,Light,2,906.65,1362.79,1241.97,13.377,3.02
2022-07-30,13:38:04,13:41:04,CH4,0.002,0.23,15.89,0.002,HC,9,Light,2,906.65,1362.79,1241.97,13.377,3.02
2022-07-30,13:43:24,13:46:24,CO2,0.037,0.55,14.68,0.045,HC,9,Dark,2,906.65,0.0759627,1237.11,13.377,3.02
2022-07-30,13:43:29,13:46:29,CH4,-0.002,0.32,14.74,-0.002,HC,9,Dark,2,906.65,0.0759627,1237.11,13.377,3.02
2022-07-30,13:48:48,13:51:48,CH4,0.006,0.81,15.89,0.007,HC,9,Light,3,906.65,1357.59,1227.26,13.377,3.02
2022-07-30,13:49:04,13:52:04,CO2,-0.058,0.89,15.89,-0.07,HC,9,Light,3,906.65,1357.59,1227.26,13.377,3.02
2022-07-30,13:54:12,13:57:12,CH4,-0.003,0.41,13.63,-0.004,HC,9,Dark,3,906.65,0.0759627,1237.11,13.377,3.02
2022-07-30,13:55:16,13:58:16,CO2,0.03,0.61,13.63,0.036,HC,9,Dark,3,906.65,0.0759627,1237.11,13.377,3.02
2022-07-30,14:06:08,14:09:10,CH4,-0.029,0.98,16,-0.035,BC,9,Light,1,907.05,937.688,1396.59,13.882,3.02
2022-07-30,14:06:21,14:09:21,CO2,0.026,0.83,16,0.031,BC,9,Light,1,907.05,937.688,1396.59,13.882,3.02
2022-07-30,14:12:54,14:15:54,CH4,-0.042,0.96,13.73,-0.051,BC,9,Dark,1,907.05,0,1382.94,13.882,3.02
2022-07-30,14:13:19,14:16:19,CO2,0.033,0.88,13.73,0.04,BC,9,Dark,1,907.05,0,1382.94,13.882,3.02
2022-07-30,14:18:12,14:21:12,CO2,0.034,0.88,16,0.041,BC,9,Light,2,907.05,919.3,1376.19,13.882,3.02
2022-07-30,14:18:39,14:21:39,CH4,-0.035,0.98,16,-0.042,BC,9,Light,2,907.05,919.3,1376.19,13.882,3.02
2022-07-30,14:23:15,14:26:15,CO2,0.057,0.96,13.73,0.069,BC,9,Dark,2,907.05,0.0446839,1358.45,13.882,3.02
2022-07-30,14:23:20,14:26:20,CH4,-0.067,0.99,13.73,-0.081,BC,9,Dark,2,907.05,0.0446839,1358.45,13.882,3.02
2022-07-30,14:29:12,14:32:12,CO2,0.034,0.91,16,0.041,BC,9,Light,3,907.05,906.789,1347.23,13.882,3.02
2022-07-30,14:29:12,14:32:12,CH4,-0.04,0.98,16,-0.048,BC,9,Light,3,907.05,906.789,1347.23,13.882,3.02
2022-07-30,14:34:14,14:37:14,CO2,0.053,0.95,13.73,0.064,BC,9,Dark,3,906.65,0.0312787,1332.96,13.882,3.02
2022-07-30,14:34:18,14:37:18,CH4,-0.062,0.99,13.73,-0.075,BC,9,Dark,3,906.65,0.0312787,1332.96,13.882,3.02
2022-07-30,14:55:15,14:58:15,CO2,-0.043,0.43,16,-0.052,HE,1,Light,1,907.25,975.919,1304.31,13.882,3.02
2022-07-30,14:56:45,14:59:45,CH4,0.002,0.32,16,0.002,HE,1,Light,1,907.05,975.919,1304.31,13.882,3.02
2022-07-30,15:02:11,15:05:11,CO2,0.057,0.8,13.73,0.069,HE,1,Dark,1,907.25,0,1295.94,13.882,3.02
2022-07-30,15:02:32,15:05:32,CH4,-0.002,0.32,13.75,-0.002,HE,1,Dark,1,907.05,0,1295.94,13.882,3.02
2022-07-30,15:22:53,15:25:53,CH4,-0.003,0.37,16.56,-0.004,HE,1,Light,2,907.25,932.58,1245.85,13.834,3.02
2022-07-30,15:23:40,15:26:40,CO2,-0.031,0.68,16.56,-0.037,HE,1,Light,2,907.05,932.58,1245.85,13.834,3.02
2022-07-30,15:27:22,15:30:22,CO2,0.101,0.78,14.32,0.123,HE,1,Dark,2,907.05,0,1232.57,13.834,3.02
2022-07-30,15:27:22,15:30:22,CH4,-0.003,0.38,14.32,-0.004,HE,1,Dark,2,907.25,0,1232.57,13.834,3.02
2022-07-30,15:34:02,15:37:02,CH4,-0.003,0.46,16.56,-0.004,HE,1,Light,3,907.25,913.071,1216.29,13.834,3.02
2022-07-30,15:34:28,15:37:28,CO2,-0.04,0.83,16.56,-0.048,HE,1,Light,3,907.25,913.071,1216.29,13.834,3.02
2022-07-30,15:39:13,15:42:13,CH4,-0.006,0.68,14.25,-0.007,HE,1,Dark,3,907.25,0,1202.49,13.834,3.02
2022-07-30,15:39:18,15:42:18,CO2,0.122,0.9,14.25,0.148,HE,1,Dark,3,907.25,0,1202.49,13.834,3.02
2022-07-30,15:44:10,15:47:10,CO2,0.038,0.71,16.56,0.046,BE,1,Light,1,907.05,886.668,1187.34,13.834,3.02
2022-07-30,15:44:12,15:47:12,CH4,-0.007,0.71,16.56,-0.008,BE,1,Light,1,907.25,886.668,1187.34,13.834,3.02
2022-07-30,15:50:03,15:53:03,CH4,-0.016,0.89,14.25,-0.019,BE,1,Dark,1,907.25,0.00446839,1174.36,13.834,3.02
2022-07-30,15:50:19,15:53:19,CO2,0.066,0.91,14.25,0.08,BE,1,Dark,1,907.05,0.00446839,1174.36,13.834,3.02
2022-07-30,15:55:52,15:58:52,CH4,-0.01,0.78,16.5,-0.012,BE,1,Light,2,907.25,886.668,1187.34,13.834,3.02
2022-07-30,15:55:54,15:58:54,CO2,0.053,0.72,16.52,0.064,BE,1,Light,2,907.05,886.668,1187.34,13.834,3.02
2022-07-30,16:01:31,16:04:31,CO2,0.055,0.86,14.25,0.067,BE,1,Dark,2,907.05,0,1141.22,13.834,3.02
2022-07-30,16:03:01,16:06:01,CH4,-0.009,0.86,14.24,-0.011,BE,1,Dark,2,907.25,0,1141.22,13.834,3.02
2022-07-30,16:06:50,16:09:50,CH4,-0.006,0.56,16.38,-0.007,BE,1,Light,3,907.25,826.876,1122.71,14.026,2.52
2022-07-30,16:07:08,16:10:08,CO2,0.047,0.84,16.51,0.057,BE,1,Light,3,907.25,826.876,1122.71,14.026,2.52
2022-07-30,16:12:16,16:15:16,CO2,0.059,0.91,14.2,0.072,BE,1,Dark,3,907.25,0,1122.71,14.026,2.52
2022-07-30,16:13:45,16:16:45,CH4,-0.01,0.81,14.2,-0.012,BE,1,Dark,3,907.25,0,1122.71,14.026,2.52
2022-07-31,9:21:22,9:24:22,CO2,0.043,0.88,14.2,0.052,BE,2a,Light,1,899.45,1013.91,1205.08,14.098,0
2022-07-31,9:21:28,9:24:28,CH4,-0.003,0.33,14.2,-0.004,BE,2a,Light,1,899.45,1013.91,1205.08,14.098,0
2022-07-31,9:28:39,9:31:39,CO2,0.057,0.81,12.05,0.069,BE,2a,Dark,1,899.45,0,1229.56,14.098,0
2022-07-31,9:28:39,9:31:39,CH4,0.009,0.88,12.05,0.011,BE,2a,Dark,1,899.45,0,1229.56,14.098,0
2022-07-31,9:32:50,9:35:50,CH4,0.002,0.11,14.2,0.002,BE,2a,Light,2,899.35,1000.23,1209.24,14.098,0
2022-07-31,9:33:12,9:36:12,CO2,0.013,0.42,14.2,0.016,BE,2a,Light,2,899.35,1000.23,1209.24,14.098,0
2022-07-31,9:38:59,9:41:59,CO2,0.106,0.97,12.08,0.128,BE,2a,Dark,2,899.35,0,1209,14.098,0
2022-07-31,9:39:03,9:42:03,CH4,-0.011,0.82,12.05,-0.013,BE,2a,Dark,2,899.35,0,1209,14.098,0
2022-07-31,9:43:49,9:46:52,CH4,-0.013,0.65,14.2,-0.016,BE,2a,Light,3,899.35,1027.13,1212.78,14.098,0
2022-07-31,9:44:08,9:47:11,CO2,0.024,0.21,14.2,0.029,BE,2a,Light,3,899.35,1027.13,1212.78,14.098,0
2022-07-31,9:49:58,9:52:58,CO2,0.116,0.97,12.05,0.14,BE,2a,Dark,3,899.35,0,1242.6,14.098,0
2022-07-31,9:50:08,9:53:08,CH4,0.004,0.41,12.05,0.005,BE,2a,Dark,3,899.35,0,1242.6,14.098,0
2022-07-31,9:55:29,9:58:29,CH4,-0.034,0.95,14.2,-0.041,BE,2,Light,1,899.45,1281.54,1275.4,14.098,0
2022-07-31,9:55:55,9:58:55,CO2,0.015,0.44,14.2,0.018,BE,2,Light,1,899.45,1281.54,1275.4,14.098,0
2022-07-31,10:00:40,10:03:40,CO2,0.061,0.8,12.05,0.074,BE,2,Dark,1,899.45,0,1290,14.098,0
2022-07-31,10:00:53,10:03:53,CH4,-0.008,0.41,12.05,-0.01,BE,2,Dark,1,899.45,0,1290,14.098,0
2022-07-31,10:06:17,10:09:17,CH4,-0.022,0.82,16.8,-0.026,BE,2,Light,2,899.45,1329.37,1290.8,14.17,0.5
2022-07-31,10:06:36,10:09:36,CO2,0.022,0.51,16.8,0.026,BE,2,Light,2,899.45,1329.37,1290.8,14.17,0.5
2022-07-31,10:10:38,10:13:38,CH4,-0.02,0.71,14.48,-0.024,BE,2,Dark,2,899.45,0,1286.41,14.17,0.5
2022-07-31,10:11:18,10:14:20,CO2,0.077,0.78,14.48,0.092,BE,2,Dark,2,899.45,0,1286.41,14.17,0.5
2022-07-31,10:16:49,10:19:51,CH4,-0.018,0.68,16.8,-0.021,BE,2,Light,3,899.45,1389.57,1305.27,14.17,0.5
2022-07-31,10:16:55,10:19:57,CO2,0.014,0.11,16.8,0.017,BE,2,Light,3,899.35,1389.57,1305.27,14.17,0.5
2022-07-31,10:21:57,10:24:57,CH4,-0.023,0.88,14.48,-0.028,BE,2,Dark,3,899.45,0,1332.19,14.17,0.5
2022-07-31,10:22:34,10:25:34,CO2,0.063,0.87,14.48,0.076,BE,2,Dark,3,899.35,0,1332.19,14.17,0.5
2022-07-31,10:33:13,10:36:13,CH4,-0.013,0.72,16.8,-0.015,BE,3,Light,1,899.45,1449.43,1679.07,14.17,0.5
2022-07-31,10:33:17,10:36:17,CO2,0.069,0.85,16.8,0.082,BE,3,Light,1,899.35,1449.43,1679.07,14.17,0.5
2022-07-31,10:37:52,10:40:52,CH4,-0.014,0.49,14.48,-0.017,BE,3,Dark,1,899.45,0,1675.88,14.17,0.5
2022-07-31,10:38:24,10:41:24,CO2,0.115,0.94,14.48,0.138,BE,3,Dark,1,899.35,0,1675.88,14.17,0.5
